iteration,year,population_size,average_age
0,0,20,0.0
0,1,20,1.0
0,2,20,2.0
0,3,20,3.0
0,4,20,4.0
0,5,20,5.0
0,6,20,6.0
0,7,20,7.0
0,8,20,8.0
0,9,27,6.666666666666667
0,10,28,7.392857142857143
0,11,30,7.1
0,12,33,7.363636363636363
0,13,33,8.363636363636363
0,14,37,8.35135135135135
0,15,39,8.871794871794872
0,16,41,9.390243902439025
0,17,44,9.318181818181818
0,18,49,8.89795918367347
0,19,53,9.150943396226415
0,20,53,9.358490566037736
0,21,57,9.456140350877194
0,22,58,9.517241379310345
0,23,62,9.46774193548387
0,24,73,8.684931506849315
0,25,74,8.77027027027027
0,26,74,8.68918918918919
0,27,73,9.219178082191782
0,28,79,8.531645569620252
0,29,90,7.977777777777778
0,30,93,8.193548387096774
0,31,97,8.56701030927835
0,32,91,7.175824175824176
0,33,94,7.691489361702128
0,34,102,7.529411764705882
0,35,98,8.346938775510203
0,36,101,8.633663366336634
0,37,100,8.52
0,38,106,8.452830188679245
0,39,105,8.942857142857143
0,40,113,8.548672566371682
0,41,116,8.189655172413794
0,42,119,8.201680672268907
0,43,126,8.579365079365079
0,44,130,8.715384615384615
0,45,127,8.795275590551181
0,46,121,8.479338842975206
0,47,117,8.871794871794872
0,48,123,8.682926829268293
0,49,124,8.540322580645162
0,50,125,8.632
0,51,127,8.48031496062992
0,52,135,8.066666666666666
0,53,128,8.0078125
0,54,138,7.811594202898551
0,55,145,7.813793103448276
0,56,142,7.894366197183099
0,57,152,7.657894736842105
0,58,158,7.810126582278481
0,59,155,7.709677419354839
0,60,160,7.49375
0,61,167,7.245508982035928
0,62,167,7.538922155688622
0,63,166,7.259036144578313
0,64,179,7.4525139664804465
0,65,180,7.411111111111111
0,66,184,7.521739130434782
0,67,187,7.989304812834225
0,68,183,7.994535519125683
0,69,188,7.840425531914893
0,70,189,7.476190476190476
0,71,196,7.494897959183674
0,72,187,7.411764705882353
0,73,184,7.831521739130435
0,74,191,7.9162303664921465
0,75,194,7.731958762886598
0,76,194,7.974226804123711
0,77,189,8.047619047619047
0,78,195,7.98974358974359
0,79,194,7.443298969072165
0,80,191,7.785340314136126
0,81,187,7.737967914438503
0,82,182,7.428571428571429
0,83,179,7.363128491620111
0,84,177,7.451977401129944
0,85,176,7.494318181818182
0,86,186,7.60752688172043
0,87,193,7.580310880829016
0,88,186,7.752688172043011
0,89,181,7.845303867403315
0,90,184,7.603260869565218
0,91,182,7.329670329670329
0,92,194,7.082474226804123
0,93,197,7.406091370558376
0,94,196,7.6020408163265305
0,95,184,7.510869565217392
0,96,185,7.183783783783784
0,97,183,7.311475409836065
0,98,185,7.854054054054054
0,99,182,8.093406593406593
0,100,177,8.163841807909604
0,101,190,8.005263157894737
0,102,198,7.974747474747475
0,103,202,7.935643564356436
0,104,199,8.050251256281408
0,105,202,7.851485148514851
0,106,203,7.926108374384237
0,107,202,7.732673267326732
0,108,206,7.859223300970874
0,109,208,7.576923076923077
0,110,209,7.617224880382775
0,111,211,7.696682464454977
0,112,210,7.880952380952381
0,113,208,8.024038461538462
0,114,198,7.55050505050505
0,115,211,7.388625592417061
0,116,209,7.4688995215311005
0,117,207,7.782608695652174
0,118,226,7.331858407079646
0,119,233,7.223175965665236
0,120,229,7.3755458515283845
0,121,232,7.146551724137931
0,122,236,7.021186440677966
0,123,244,6.901639344262295
0,124,246,6.873983739837398
0,125,242,6.698347107438017
0,126,245,6.710204081632653
0,127,251,6.99601593625498
0,128,251,7.51394422310757
0,129,249,7.646586345381526
0,130,242,7.7727272727272725
0,131,238,7.705882352941177
0,132,232,7.625
0,133,238,7.361344537815126
0,134,240,7.079166666666667
0,135,233,7.23175965665236
0,136,234,7.282051282051282
0,137,232,6.8405172413793105
0,138,231,7.147186147186147
0,139,227,7.348017621145375
0,140,227,7.422907488986784
0,141,234,7.730769230769231
0,142,233,7.8626609442060085
0,143,231,7.437229437229437
0,144,230,7.104347826086957
0,145,222,7.364864864864865
0,146,232,7.25
0,147,225,7.288888888888889
0,148,224,7.535714285714286
0,149,216,7.467592592592593
0,150,208,7.471153846153846
0,151,211,7.279620853080568
0,152,204,7.377450980392157
0,153,205,7.2
0,154,205,7.580487804878048
0,155,206,7.315533980582524
0,156,205,7.321951219512195
0,157,206,7.252427184466019
0,158,200,7.26
0,159,200,7.015
0,160,203,6.891625615763547
0,161,199,7.422110552763819
0,162,203,7.014778325123153
0,163,196,7.214285714285714
0,164,189,7.412698412698413
0,165,197,6.928934010152284
0,166,190,7.294736842105263
0,167,196,7.326530612244898
0,168,190,7.315789473684211
0,169,191,7.130890052356021
0,170,192,7.239583333333333
0,171,194,7.061855670103093
0,172,191,6.984293193717278
0,173,190,7.089473684210526
0,174,198,7.045454545454546
0,175,199,6.949748743718593
0,176,204,7.284313725490196
0,177,202,7.410891089108911
0,178,207,7.260869565217392
0,179,199,7.155778894472362
0,180,192,6.984375
0,181,191,7.104712041884817
0,182,190,7.389473684210526
0,183,197,7.101522842639594
0,184,204,7.009803921568627
0,185,195,7.348717948717948
0,186,191,6.9267015706806285
0,187,189,6.978835978835979
0,188,184,6.853260869565218
0,189,192,7.078125
0,190,202,6.821782178217822
0,191,199,6.798994974874372
0,192,195,6.964102564102564
0,193,185,7.0162162162162165
0,194,178,6.97191011235955
0,195,175,7.377142857142857
0,196,165,7.090909090909091
0,197,162,7.074074074074074
0,198,163,7.061349693251533
0,199,160,7.48125
0,200,159,7.465408805031447
0,201,149,7.228187919463087
0,202,147,7.190476190476191
0,203,148,7.027027027027027
0,204,150,6.886666666666667
0,205,143,6.979020979020979
0,206,147,6.91156462585034
0,207,149,6.818791946308725
0,208,138,6.717391304347826
0,209,136,6.963235294117647
0,210,135,6.881481481481481
0,211,130,7.1
0,212,134,7.0
0,213,136,6.713235294117647
0,214,136,6.794117647058823
0,215,134,6.895522388059701
0,216,137,6.861313868613139
0,217,133,6.706766917293233
0,218,135,6.57037037037037
0,219,132,7.053030303030303
0,220,128,7.0390625
0,221,123,7.235772357723577
0,222,123,7.544715447154472
0,223,126,7.555555555555555
0,224,125,7.272
0,225,115,7.6173913043478265
0,226,109,7.660550458715596
0,227,100,7.49
0,228,93,7.924731182795699
0,229,95,7.568421052631579
0,230,89,8.089887640449438
0,231,77,7.701298701298701
0,232,80,7.8125
0,233,79,6.924050632911392
0,234,77,6.818181818181818
0,235,79,6.6455696202531644
0,236,72,6.958333333333333
0,237,67,7.208955223880597
0,238,65,7.7384615384615385
0,239,69,7.72463768115942
0,240,67,7.776119402985074
0,241,66,7.651515151515151
0,242,63,7.301587301587301
0,243,61,7.311475409836065
0,244,59,6.966101694915254
0,245,56,6.875
0,246,58,7.293103448275862
0,247,59,7.305084745762712
0,248,55,7.5636363636363635
0,249,50,7.72
0,250,56,7.196428571428571
0,251,53,7.037735849056604
0,252,55,7.290909090909091
0,253,53,7.679245283018868
0,254,55,7.5636363636363635
0,255,56,7.517857142857143
0,256,48,7.375
0,257,44,7.386363636363637
0,258,42,7.690476190476191
0,259,37,7.945945945945946
0,260,36,8.055555555555555
0,261,39,7.435897435897436
0,262,35,7.685714285714286
0,263,34,8.029411764705882
0,264,38,7.7105263157894735
0,265,37,7.4324324324324325
0,266,39,6.871794871794871
0,267,39,7.564102564102564
0,268,42,7.333333333333333
0,269,42,7.404761904761905
0,270,45,6.822222222222222
0,271,45,7.066666666666666
0,272,39,7.153846153846154
0,273,39,6.615384615384615
0,274,36,6.916666666666667
0,275,40,7.125
0,276,40,7.5
0,277,43,7.441860465116279
0,278,45,7.2
0,279,50,6.96
0,280,49,6.571428571428571
0,281,53,7.0
0,282,56,7.321428571428571
0,283,53,7.320754716981132
0,284,56,7.607142857142857
0,285,60,7.466666666666667
0,286,63,7.412698412698413
0,287,61,6.934426229508197
0,288,60,7.533333333333333
0,289,64,7.78125
0,290,66,7.136363636363637
0,291,65,7.430769230769231
0,292,64,7.453125
0,293,70,7.314285714285714
0,294,64,7.328125
0,295,63,7.492063492063492
0,296,64,7.65625
0,297,59,7.779661016949152
0,298,55,7.945454545454545
0,299,59,7.8474576271186445
0,300,66,7.409090909090909
0,301,68,7.3088235294117645
0,302,71,7.507042253521127
0,303,70,6.942857142857143
0,304,64,7.1875
0,305,68,7.294117647058823
0,306,64,7.328125
0,307,64,7.6875
0,308,59,7.813559322033898
0,309,61,7.655737704918033
0,310,55,7.218181818181818
0,311,53,7.433962264150943
0,312,56,7.232142857142857
0,313,59,7.813559322033898
0,314,58,8.258620689655173
0,315,60,8.1
0,316,60,7.783333333333333
0,317,61,8.344262295081966
0,318,61,8.0
0,319,59,7.389830508474576
0,320,55,7.581818181818182
0,321,55,8.418181818181818
0,322,61,8.37704918032787
0,323,59,8.016949152542374
0,324,57,7.771929824561403
0,325,58,7.672413793103448
0,326,55,8.163636363636364
0,327,55,7.945454545454545
0,328,59,7.47457627118644
0,329,56,7.928571428571429
0,330,56,8.053571428571429
0,331,56,7.910714285714286
0,332,53,8.264150943396226
0,333,57,8.192982456140351
0,334,59,7.271186440677966
0,335,61,7.442622950819672
0,336,65,7.138461538461539
0,337,66,7.651515151515151
0,338,65,7.569230769230769
0,339,65,7.7846153846153845
0,340,68,8.205882352941176
0,341,66,8.575757575757576
0,342,65,8.446153846153846
0,343,63,8.238095238095237
0,344,60,8.416666666666666
0,345,58,7.879310344827586
0,346,59,8.11864406779661
0,347,59,8.288135593220339
0,348,53,8.264150943396226
0,349,54,8.351851851851851
0,350,51,9.0
0,351,51,9.490196078431373
0,352,53,8.716981132075471
0,353,50,8.42
0,354,48,8.041666666666666
0,355,50,8.24
0,356,46,8.065217391304348
0,357,45,8.511111111111111
0,358,48,7.104166666666667
0,359,49,7.448979591836735
0,360,53,7.660377358490566
0,361,56,7.785714285714286
0,362,54,7.722222222222222
0,363,54,7.907407407407407
0,364,53,7.9245283018867925
0,365,50,7.76
0,366,50,8.04
0,367,47,8.340425531914894
0,368,51,8.137254901960784
0,369,53,7.886792452830188
0,370,54,7.851851851851852
0,371,60,7.85
0,372,57,7.824561403508772
0,373,55,8.145454545454545
0,374,56,8.017857142857142
0,375,59,8.322033898305085
0,376,63,8.206349206349206
0,377,69,7.405797101449275
0,378,72,8.055555555555555
0,379,73,7.726027397260274
0,380,72,7.416666666666667
0,381,77,7.64935064935065
0,382,78,7.961538461538462
0,383,73,8.246575342465754
0,384,75,8.133333333333333
0,385,77,7.987012987012987
0,386,71,7.056338028169014
0,387,77,6.935064935064935
0,388,79,6.924050632911392
0,389,85,7.223529411764706
0,390,86,7.453488372093023
0,391,88,7.0227272727272725
0,392,87,7.160919540229885
0,393,89,7.067415730337078
0,394,95,6.957894736842105
0,395,95,7.010526315789473
0,396,88,7.159090909090909
0,397,88,7.693181818181818
0,398,85,7.694117647058824
0,399,84,7.678571428571429
0,400,91,7.417582417582418
1,0,20,0.0
1,1,20,1.0
1,2,20,2.0
1,3,20,3.0
1,4,20,4.0
1,5,20,5.0
1,6,20,6.0
1,7,20,7.0
1,8,20,8.0
1,9,20,8.55
1,10,21,9.095238095238095
1,11,24,8.375
1,12,26,8.653846153846153
1,13,29,8.655172413793103
1,14,29,9.655172413793103
1,15,37,8.35135135135135
1,16,39,8.871794871794872
1,17,42,9.166666666666666
1,18,45,9.488888888888889
1,19,51,9.254901960784315
1,20,54,9.685185185185185
1,21,55,10.10909090909091
1,22,61,10.01639344262295
1,23,69,9.73913043478261
1,24,75,9.12
1,25,84,8.892857142857142
1,26,93,8.505376344086022
1,27,103,8.533980582524272
1,28,108,8.694444444444445
1,29,115,8.565217391304348
1,30,116,9.172413793103448
1,31,117,10.085470085470085
1,32,111,8.162162162162161
1,33,114,8.368421052631579
1,34,118,8.508474576271187
1,35,117,8.820512820512821
1,36,122,8.819672131147541
1,37,136,8.573529411764707
1,38,142,8.556338028169014
1,39,153,8.379084967320262
1,40,163,8.539877300613497
1,41,171,8.456140350877194
1,42,182,8.175824175824175
1,43,183,8.278688524590164
1,44,190,8.115789473684211
1,45,190,8.426315789473684
1,46,185,8.508108108108107
1,47,186,8.413978494623656
1,48,192,8.114583333333334
1,49,192,7.848958333333333
1,50,203,7.807881773399015
1,51,208,7.634615384615385
1,52,211,7.4170616113744074
1,53,217,7.751152073732719
1,54,223,7.708520179372197
1,55,237,7.7215189873417724
1,56,247,7.91497975708502
1,57,251,8.087649402390438
1,58,252,8.321428571428571
1,59,269,8.271375464684015
1,60,280,8.257142857142858
1,61,287,7.905923344947735
1,62,283,7.745583038869258
1,63,287,8.0
1,64,293,8.075085324232083
1,65,295,8.077966101694916
1,66,296,8.29391891891892
1,67,299,8.25752508361204
1,68,298,8.348993288590604
1,69,295,8.28135593220339
1,70,292,8.13013698630137
1,71,281,8.13167259786477
1,72,291,7.951890034364261
1,73,286,8.26923076923077
1,74,302,8.188741721854305
1,75,311,8.27652733118971
1,76,306,8.483660130718954
1,77,312,7.958333333333333
1,78,300,8.09
1,79,310,7.7935483870967746
1,80,320,7.596875
1,81,331,7.280966767371601
1,82,325,7.375384615384616
1,83,344,7.436046511627907
1,84,358,7.231843575418995
1,85,353,7.38243626062323
1,86,369,7.588075880758808
1,87,359,7.883008356545961
1,88,360,7.930555555555555
1,89,355,8.225352112676056
1,90,353,8.260623229461757
1,91,366,7.778688524590164
1,92,367,7.659400544959128
1,93,369,7.644986449864499
1,94,370,7.564864864864865
1,95,372,7.67741935483871
1,96,372,7.779569892473118
1,97,384,7.729166666666667
1,98,375,7.552
1,99,369,7.666666666666667
1,100,385,7.7844155844155845
1,101,382,7.887434554973822
1,102,385,7.698701298701299
1,103,384,7.591145833333333
1,104,384,7.588541666666667
1,105,385,7.511688311688312
1,106,379,7.680738786279683
1,107,370,7.4972972972972975
1,108,366,7.617486338797814
1,109,375,7.589333333333333
1,110,384,7.416666666666667
1,111,388,7.577319587628866
1,112,375,7.512
1,113,365,7.671232876712328
1,114,368,7.7228260869565215
1,115,375,7.576
1,116,380,7.528947368421052
1,117,378,7.632275132275132
1,118,384,7.416666666666667
1,119,386,7.489637305699482
1,120,380,7.397368421052631
1,121,391,7.245524296675192
1,122,392,7.405612244897959
1,123,381,7.380577427821522
1,124,377,7.49867374005305
1,125,375,7.418666666666667
1,126,374,7.377005347593583
1,127,368,7.442934782608695
1,128,372,7.424731182795699
1,129,358,7.5
1,130,346,7.80635838150289
1,131,340,7.420588235294118
1,132,332,7.412650602409639
1,133,332,7.518072289156627
1,134,332,7.581325301204819
1,135,325,7.907692307692308
1,136,316,7.870253164556962
1,137,314,7.624203821656051
1,138,312,7.746794871794871
1,139,305,7.750819672131148
1,140,308,7.798701298701299
1,141,296,7.675675675675675
1,142,291,7.6048109965635735
1,143,295,7.623728813559322
1,144,294,7.7517006802721085
1,145,292,7.609589041095891
1,146,298,7.724832214765101
1,147,300,7.72
1,148,310,7.532258064516129
1,149,317,7.441640378548896
1,150,312,7.112179487179487
1,151,314,7.414012738853503
1,152,316,7.468354430379747
1,153,307,7.394136807817589
1,154,306,7.362745098039215
1,155,299,7.287625418060201
1,156,284,7.21830985915493
1,157,286,7.5524475524475525
1,158,283,7.671378091872792
1,159,297,7.414141414141414
1,160,289,7.325259515570934
1,161,286,7.339160839160839
1,162,292,7.657534246575342
1,163,287,7.735191637630662
1,164,277,7.628158844765343
1,165,273,7.278388278388278
1,166,261,7.402298850574713
1,167,256,7.53125
1,168,250,7.14
1,169,243,7.1440329218107
1,170,229,7.013100436681222
1,171,238,6.785714285714286
1,172,243,6.818930041152264
1,173,237,6.8734177215189876
1,174,234,6.918803418803419
1,175,232,6.995689655172414
1,176,221,7.104072398190045
1,177,228,7.197368421052632
1,178,229,7.1965065502183405
1,179,224,7.191964285714286
1,180,219,7.068493150684931
1,181,206,6.956310679611651
1,182,207,6.874396135265701
1,183,212,6.683962264150943
1,184,211,6.848341232227488
1,185,221,6.855203619909502
1,186,225,6.768888888888889
1,187,223,6.829596412556054
1,188,225,7.062222222222222
1,189,222,6.963963963963964
1,190,215,7.018604651162791
1,191,220,6.945454545454545
1,192,215,7.032558139534884
1,193,216,7.3657407407407405
1,194,202,7.400990099009901
1,195,201,7.477611940298507
1,196,194,7.381443298969073
1,197,193,7.253886010362694
1,198,188,7.446808510638298
1,199,189,7.4338624338624335
1,200,180,7.355555555555555
1,201,178,7.185393258426966
1,202,170,7.3882352941176475
1,203,159,7.377358490566038
1,204,154,7.5064935064935066
1,205,152,7.7105263157894735
1,206,153,7.398692810457517
1,207,144,7.340277777777778
1,208,141,6.851063829787234
1,209,136,6.830882352941177
1,210,133,6.992481203007519
1,211,128,7.0859375
1,212,123,7.211382113821138
1,213,128,7.046875
1,214,129,7.3023255813953485
1,215,125,7.872
1,216,124,7.814516129032258
1,217,126,7.325396825396825
1,218,132,7.136363636363637
1,219,122,7.016393442622951
1,220,120,6.85
1,221,114,6.956140350877193
1,222,118,7.076271186440678
1,223,118,7.305084745762712
1,224,112,7.464285714285714
1,225,107,7.4766355140186915
1,226,108,7.37962962962963
1,227,104,7.086538461538462
1,228,105,7.685714285714286
1,229,107,8.065420560747663
1,230,114,7.5701754385964914
1,231,114,7.245614035087719
1,232,114,7.2105263157894735
1,233,106,7.537735849056604
1,234,110,7.390909090909091
1,235,117,6.957264957264957
1,236,110,7.1
1,237,112,6.839285714285714
1,238,114,6.93859649122807
1,239,114,6.833333333333333
1,240,108,6.5
1,241,103,6.359223300970874
1,242,99,6.606060606060606
1,243,95,7.042105263157895
1,244,97,7.144329896907217
1,245,96,7.489583333333333
1,246,87,7.505747126436781
1,247,92,7.108695652173913
1,248,96,7.25
1,249,93,7.150537634408602
1,250,87,6.896551724137931
1,251,82,6.914634146341464
1,252,82,7.2317073170731705
1,253,80,7.075
1,254,77,7.311688311688312
1,255,71,7.52112676056338
1,256,69,7.7101449275362315
1,257,74,7.297297297297297
1,258,73,7.671232876712328
1,259,76,7.25
1,260,80,7.525
1,261,75,7.36
1,262,71,7.929577464788732
1,263,68,7.911764705882353
1,264,68,7.029411764705882
1,265,66,7.0606060606060606
1,266,68,7.25
1,267,65,7.338461538461538
1,268,67,6.895522388059701
1,269,69,6.913043478260869
1,270,66,7.242424242424242
1,271,64,7.421875
1,272,65,7.123076923076923
1,273,68,6.676470588235294
1,274,68,5.970588235294118
1,275,69,5.9855072463768115
1,276,62,5.935483870967742
1,277,62,6.258064516129032
1,278,61,6.344262295081967
1,279,60,6.766666666666667
1,280,63,7.222222222222222
1,281,62,6.790322580645161
1,282,65,6.3076923076923075
1,283,70,6.785714285714286
1,284,68,7.014705882352941
1,285,65,6.7384615384615385
1,286,66,6.666666666666667
1,287,61,6.049180327868853
1,288,63,6.571428571428571
1,289,67,6.776119402985074
1,290,62,7.338709677419355
1,291,61,7.819672131147541
1,292,56,7.875
1,293,55,7.781818181818182
1,294,54,8.074074074074074
1,295,51,8.019607843137255
1,296,49,8.040816326530612
1,297,50,8.16
1,298,49,8.0
1,299,49,7.408163265306122
1,300,46,7.130434782608695
1,301,43,7.511627906976744
1,302,42,6.904761904761905
1,303,37,6.405405405405405
1,304,37,6.486486486486487
1,305,35,6.4
1,306,35,6.914285714285715
1,307,36,7.694444444444445
1,308,37,7.783783783783784
1,309,36,8.555555555555555
1,310,37,8.027027027027026
1,311,37,8.432432432432432
1,312,37,8.243243243243244
1,313,38,7.631578947368421
1,314,33,7.151515151515151
1,315,27,6.7407407407407405
1,316,29,7.0
1,317,27,7.518518518518518
1,318,27,7.185185185185185
1,319,25,7.84
1,320,26,7.923076923076923
1,321,25,8.52
1,322,29,7.551724137931035
1,323,27,7.148148148148148
1,324,27,7.222222222222222
1,325,28,6.678571428571429
1,326,27,6.37037037037037
1,327,22,5.954545454545454
1,328,20,6.85
1,329,18,7.666666666666667
1,330,17,8.176470588235293
1,331,16,8.0625
1,332,14,8.357142857142858
1,333,15,7.933333333333334
1,334,17,7.882352941176471
1,335,19,7.947368421052632
1,336,22,6.909090909090909
1,337,26,6.6923076923076925
1,338,24,6.541666666666667
1,339,21,5.857142857142857
1,340,18,5.111111111111111
1,341,18,6.111111111111111
1,342,17,6.470588235294118
1,343,18,6.722222222222222
1,344,18,7.0
1,345,20,7.2
1,346,22,6.863636363636363
1,347,23,7.521739130434782
1,348,22,6.590909090909091
1,349,23,6.565217391304348
1,350,23,6.782608695652174
1,351,26,6.884615384615385
1,352,24,6.416666666666667
1,353,28,6.214285714285714
1,354,28,7.214285714285714
1,355,25,7.32
1,356,23,7.0
1,357,22,6.681818181818182
1,358,18,6.5
1,359,21,6.428571428571429
1,360,23,6.782608695652174
1,361,24,6.916666666666667
1,362,28,6.785714285714286
1,363,28,6.678571428571429
1,364,30,7.166666666666667
1,365,25,6.52
1,366,24,6.833333333333333
1,367,24,6.708333333333333
1,368,25,6.52
1,369,23,6.956521739130435
1,370,24,7.375
1,371,22,7.818181818181818
1,372,23,6.6521739130434785
1,373,23,6.173913043478261
1,374,22,6.590909090909091
1,375,24,6.958333333333333
1,376,22,7.409090909090909
1,377,22,6.954545454545454
1,378,21,6.904761904761905
1,379,16,6.125
1,380,19,6.0
1,381,19,7.0
1,382,20,7.25
1,383,22,7.5
1,384,21,8.380952380952381
1,385,19,8.736842105263158
1,386,22,7.590909090909091
1,387,23,6.913043478260869
1,388,22,6.681818181818182
1,389,19,6.578947368421052
1,390,20,7.2
1,391,22,6.954545454545454
1,392,23,6.521739130434782
1,393,29,5.517241379310345
1,394,28,6.142857142857143
1,395,29,6.275862068965517
1,396,32,6.1875
1,397,32,5.5
1,398,33,5.696969696969697
1,399,33,6.242424242424242
1,400,29,6.275862068965517
2,0,20,0.0
2,1,20,1.0
2,2,20,2.0
2,3,20,3.0
2,4,20,4.0
2,5,20,5.0
2,6,20,6.0
2,7,20,7.0
2,8,20,8.0
2,9,23,7.826086956521739
2,10,26,7.8076923076923075
2,11,32,7.15625
2,12,32,7.78125
2,13,38,6.7105263157894735
2,14,44,6.659090909090909
2,15,45,7.022222222222222
2,16,45,7.666666666666667
2,17,50,7.8
2,18,50,8.64
2,19,52,8.711538461538462
2,20,54,9.351851851851851
2,21,58,9.206896551724139
2,22,61,9.704918032786885
2,23,68,9.455882352941176
2,24,69,9.797101449275363
2,25,71,9.830985915492958
2,26,71,9.014084507042254
2,27,76,9.078947368421053
2,28,80,9.225
2,29,80,9.725
2,30,84,10.130952380952381
2,31,83,10.63855421686747
2,32,81,8.901234567901234
2,33,86,8.825581395348838
2,34,86,9.383720930232558
2,35,85,9.305882352941177
2,36,85,9.729411764705882
2,37,96,9.166666666666666
2,38,102,8.666666666666666
2,39,102,8.392156862745098
2,40,108,7.888888888888889
2,41,110,8.063636363636364
2,42,111,8.495495495495495
2,43,112,8.116071428571429
2,44,115,8.591304347826087
2,45,112,8.580357142857142
2,46,115,8.57391304347826
2,47,121,8.429752066115702
2,48,117,8.598290598290598
2,49,115,8.860869565217392
2,50,118,8.245762711864407
2,51,121,8.024793388429751
2,52,134,7.67910447761194
2,53,135,7.481481481481482
2,54,139,7.496402877697841
2,55,141,7.709219858156028
2,56,144,7.527777777777778
2,57,146,7.602739726027397
2,58,147,7.258503401360544
2,59,156,7.512820512820513
2,60,149,7.510067114093959
2,61,150,7.6866666666666665
2,62,154,7.584415584415584
2,63,153,7.477124183006536
2,64,160,7.64375
2,65,167,7.532934131736527
2,66,170,7.394117647058824
2,67,178,7.191011235955056
2,68,181,7.0220994475138125
2,69,174,7.413793103448276
2,70,172,7.767441860465116
2,71,180,7.7
2,72,176,7.892045454545454
2,73,173,7.7514450867052025
2,74,169,8.088757396449704
2,75,162,8.290123456790123
2,76,172,7.593023255813954
2,77,172,7.511627906976744
2,78,178,7.073033707865169
2,79,181,6.955801104972376
2,80,180,6.872222222222222
2,81,182,6.983516483516484
2,82,189,6.830687830687831
2,83,183,6.644808743169399
2,84,183,6.781420765027322
2,85,187,7.0855614973262036
2,86,191,7.465968586387435
2,87,193,7.3782383419689115
2,88,201,7.353233830845771
2,89,205,7.35609756097561
2,90,209,7.110047846889952
2,91,199,7.1959798994974875
2,92,191,7.162303664921466
2,93,193,7.139896373056994
2,94,195,7.251282051282051
2,95,196,7.5
2,96,197,7.213197969543147
2,97,213,7.028169014084507
2,98,216,7.25462962962963
2,99,220,7.004545454545455
2,100,219,7.050228310502283
2,101,225,7.142222222222222
2,102,227,7.325991189427313
2,103,215,7.125581395348838
2,104,214,7.406542056074766
2,105,216,7.430555555555555
2,106,211,7.625592417061611
2,107,214,7.691588785046729
2,108,215,7.6976744186046515
2,109,209,7.607655502392345
2,110,212,7.834905660377358
2,111,220,7.381818181818182
2,112,226,7.1415929203539825
2,113,222,7.2657657657657655
2,114,217,7.290322580645161
2,115,230,7.421739130434783
2,116,228,7.473684210526316
2,117,216,7.638888888888889
2,118,219,7.831050228310502
2,119,224,7.915178571428571
2,120,219,7.684931506849315
2,121,215,7.716279069767442
2,122,205,7.824390243902439
2,123,215,7.8
2,124,212,7.90566037735849
2,125,213,7.347417840375587
2,126,204,7.549019607843137
2,127,207,7.14975845410628
2,128,198,7.247474747474747
2,129,201,7.432835820895522
2,130,204,7.352941176470588
2,131,205,7.170731707317073
2,132,214,7.294392523364486
2,133,231,7.086580086580087
2,134,232,6.793103448275862
2,135,229,7.109170305676856
2,136,229,7.4803493449781655
2,137,224,7.138392857142857
2,138,216,7.305555555555555
2,139,220,7.245454545454545
2,140,216,7.263888888888889
2,141,202,7.297029702970297
2,142,196,7.668367346938775
2,143,193,7.751295336787565
2,144,193,7.606217616580311
2,145,196,7.969387755102041
2,146,196,7.908163265306122
2,147,191,8.052356020942408
2,148,185,7.4972972972972975
2,149,182,7.615384615384615
2,150,179,7.597765363128492
2,151,173,7.9479768786127165
2,152,170,7.952941176470588
2,153,172,7.6976744186046515
2,154,166,7.421686746987952
2,155,168,7.589285714285714
2,156,162,7.567901234567901
2,157,167,7.413173652694611
2,158,178,7.443820224719101
2,159,181,7.226519337016574
2,160,183,7.26775956284153
2,161,185,6.745945945945946
2,162,193,6.580310880829016
2,163,193,6.746113989637306
2,164,194,7.087628865979381
2,165,195,7.097435897435897
2,166,195,7.4
2,167,185,7.578378378378378
2,168,179,7.743016759776537
2,169,176,7.994318181818182
2,170,171,8.005847953216374
2,171,174,8.080459770114942
2,172,182,7.730769230769231
2,173,188,7.420212765957447
2,174,187,6.983957219251337
2,175,180,6.983333333333333
2,176,183,7.256830601092896
2,177,179,7.346368715083799
2,178,171,7.684210526315789
2,179,172,8.063953488372093
2,180,168,7.982142857142857
2,181,170,8.24705882352941
2,182,164,8.286585365853659
2,183,157,7.719745222929936
2,184,155,7.554838709677419
2,185,153,7.6797385620915035
2,186,154,7.214285714285714
2,187,156,7.115384615384615
2,188,159,6.528301886792453
2,189,158,6.481012658227848
2,190,165,6.248484848484848
2,191,167,6.37125748502994
2,192,164,6.609756097560975
2,193,171,6.871345029239766
2,194,177,6.943502824858757
2,195,171,7.251461988304094
2,196,165,7.048484848484849
2,197,168,7.113095238095238
2,198,173,7.15606936416185
2,199,168,7.035714285714286
2,200,168,7.0773809523809526
2,201,167,6.916167664670659
2,202,172,7.180232558139535
2,203,178,7.162921348314606
2,204,170,7.141176470588236
2,205,164,6.896341463414634
2,206,169,7.071005917159764
2,207,167,6.8982035928143715
2,208,172,7.040697674418604
2,209,165,7.1878787878787875
2,210,161,7.260869565217392
2,211,163,7.3496932515337425
2,212,177,7.435028248587571
2,213,178,7.264044943820225
2,214,176,7.551136363636363
2,215,169,7.165680473372781
2,216,165,7.33939393939394
2,217,167,6.910179640718563
2,218,161,6.913043478260869
2,219,154,7.240259740259741
2,220,152,7.809210526315789
2,221,146,7.410958904109589
2,222,142,7.485915492957746
2,223,138,7.268115942028985
2,224,141,7.609929078014185
2,225,133,7.804511278195489
2,226,139,7.877697841726619
2,227,142,7.436619718309859
2,228,138,7.27536231884058
2,229,137,7.437956204379562
2,230,138,7.318840579710145
2,231,135,7.525925925925926
2,232,133,7.518796992481203
2,233,133,7.631578947368421
2,234,134,7.8283582089552235
2,235,129,7.465116279069767
2,236,129,7.565891472868217
2,237,130,7.523076923076923
2,238,136,7.352941176470588
2,239,137,7.430656934306569
2,240,135,7.659259259259259
2,241,135,7.896296296296296
2,242,124,7.645161290322581
2,243,112,7.633928571428571
2,244,108,7.805555555555555
2,245,106,7.811320754716981
2,246,108,7.694444444444445
2,247,108,7.712962962962963
2,248,118,7.423728813559322
2,249,113,7.336283185840708
2,250,109,7.201834862385321
2,251,107,7.308411214953271
2,252,111,7.468468468468468
2,253,105,7.666666666666667
2,254,104,8.240384615384615
2,255,100,7.76
2,256,99,7.545454545454546
2,257,99,7.242424242424242
2,258,101,7.2772277227722775
2,259,102,7.490196078431373
2,260,110,7.345454545454546
2,261,114,7.62280701754386
2,262,122,7.262295081967213
2,263,118,6.728813559322034
2,264,115,6.826086956521739
2,265,114,7.359649122807017
2,266,107,7.289719626168225
2,267,104,7.4326923076923075
2,268,105,7.380952380952381
2,269,112,7.517857142857143
2,270,112,7.517857142857143
2,271,113,7.601769911504425
2,272,109,7.715596330275229
2,273,112,7.508928571428571
2,274,114,7.37719298245614
2,275,108,6.898148148148148
2,276,105,6.9523809523809526
2,277,104,7.423076923076923
2,278,102,7.794117647058823
2,279,104,7.596153846153846
2,280,100,7.68
2,281,96,7.53125
2,282,90,7.766666666666667
2,283,85,7.670588235294118
2,284,88,7.738636363636363
2,285,89,7.595505617977528
2,286,87,7.172413793103448
2,287,87,7.172413793103448
2,288,91,6.912087912087912
2,289,95,6.621052631578947
2,290,89,6.741573033707865
2,291,91,6.736263736263736
2,292,89,7.01123595505618
2,293,86,7.011627906976744
2,294,88,7.0
2,295,95,7.11578947368421
2,296,90,7.433333333333334
2,297,94,7.287234042553192
2,298,107,6.91588785046729
2,299,106,7.415094339622642
2,300,108,7.083333333333333
2,301,102,7.049019607843137
2,302,100,6.66
2,303,101,6.920792079207921
2,304,101,7.198019801980198
2,305,102,7.049019607843137
2,306,101,7.326732673267327
2,307,100,7.51
2,308,103,7.796116504854369
2,309,105,7.79047619047619
2,310,101,7.544554455445544
2,311,100,7.59
2,312,108,7.333333333333333
2,313,105,7.190476190476191
2,314,101,7.485148514851486
2,315,101,7.574257425742574
2,316,101,7.435643564356436
2,317,102,7.46078431372549
2,318,106,7.311320754716981
2,319,101,7.594059405940594
2,320,99,7.858585858585859
2,321,98,7.836734693877551
2,322,92,7.989130434782608
2,323,93,7.688172043010753
2,324,93,7.204301075268817
2,325,93,6.978494623655914
2,326,95,6.557894736842106
2,327,98,6.836734693877551
2,328,98,7.030612244897959
2,329,94,7.3936170212765955
2,330,91,7.384615384615385
2,331,84,7.154761904761905
2,332,86,7.290697674418604
2,333,86,7.3023255813953485
2,334,82,7.414634146341464
2,335,83,8.048192771084338
2,336,88,7.613636363636363
2,337,80,7.6
2,338,85,6.894117647058824
2,339,87,6.551724137931035
2,340,87,6.275862068965517
2,341,87,6.804597701149425
2,342,89,6.48314606741573
2,343,82,6.7560975609756095
2,344,80,6.425
2,345,88,6.340909090909091
2,346,90,6.288888888888889
2,347,87,6.574712643678161
2,348,89,6.629213483146067
2,349,84,6.690476190476191
2,350,82,6.963414634146342
2,351,87,6.620689655172414
2,352,79,6.6455696202531644
2,353,84,6.726190476190476
2,354,84,6.5476190476190474
2,355,81,7.172839506172839
2,356,79,7.6075949367088604
2,357,76,7.671052631578948
2,358,73,7.068493150684931
2,359,73,7.0
2,360,75,6.386666666666667
2,361,74,6.621621621621622
2,362,73,7.027397260273973
2,363,81,7.012345679012346
2,364,70,7.0285714285714285
2,365,63,7.365079365079365
2,366,65,6.907692307692308
2,367,61,7.131147540983607
2,368,62,7.080645161290323
2,369,51,6.96078431372549
2,370,46,6.869565217391305
2,371,43,6.4186046511627906
2,372,47,6.574468085106383
2,373,46,6.8478260869565215
2,374,43,7.465116279069767
2,375,45,7.5777777777777775
2,376,50,6.94
2,377,51,7.215686274509804
2,378,52,6.769230769230769
2,379,53,6.69811320754717
2,380,55,6.9818181818181815
2,381,53,6.773584905660377
2,382,58,6.5
2,383,55,6.618181818181818
2,384,53,6.679245283018868
2,385,49,7.040816326530612
2,386,46,7.891304347826087
2,387,49,7.346938775510204
2,388,47,7.48936170212766
2,389,46,7.260869565217392
2,390,43,7.4186046511627906
2,391,41,7.219512195121951
2,392,45,7.044444444444444
2,393,45,6.488888888888889
2,394,45,6.866666666666666
2,395,45,6.533333333333333
2,396,49,6.918367346938775
2,397,48,6.958333333333333
2,398,48,7.729166666666667
2,399,46,7.565217391304348
2,400,44,8.090909090909092
3,0,20,0.0
3,1,20,1.0
3,2,20,2.0
3,3,20,3.0
3,4,20,4.0
3,5,20,5.0
3,6,20,6.0
3,7,20,7.0
3,8,20,8.0
3,9,25,7.2
3,10,27,7.592592592592593
3,11,34,6.823529411764706
3,12,36,7.388888888888889
3,13,42,7.190476190476191
3,14,45,7.644444444444445
3,15,54,7.203703703703703
3,16,55,7.763636363636364
3,17,55,8.763636363636364
3,18,59,8.94915254237288
3,19,61,9.311475409836065
3,20,68,8.955882352941176
3,21,74,8.91891891891892
3,22,79,9.291139240506329
3,23,80,9.8875
3,24,88,9.193181818181818
3,25,98,9.153061224489797
3,26,96,9.1875
3,27,102,9.372549019607844
3,28,112,9.410714285714286
3,29,115,9.226086956521739
3,30,116,9.525862068965518
3,31,112,9.928571428571429
3,32,103,7.922330097087379
3,33,108,8.166666666666666
3,34,112,8.580357142857142
3,35,121,8.181818181818182
3,36,126,8.23015873015873
3,37,137,7.7299270072992705
3,38,142,7.436619718309859
3,39,150,7.68
3,40,150,7.933333333333334
3,41,155,8.206451612903226
3,42,159,7.89937106918239
3,43,162,8.12962962962963
3,44,158,8.50632911392405
3,45,159,8.779874213836479
3,46,171,8.666666666666666
3,47,174,8.689655172413794
3,48,174,8.310344827586206
3,49,170,8.505882352941176
3,50,171,8.497076023391813
3,51,179,8.256983240223464
3,52,180,8.316666666666666
3,53,184,8.483695652173912
3,54,188,8.73404255319149
3,55,199,8.527638190954773
3,56,207,8.473429951690822
3,57,211,8.113744075829384
3,58,214,8.004672897196262
3,59,221,7.914027149321267
3,60,222,8.018018018018019
3,61,231,7.714285714285714
3,62,221,7.746606334841629
3,63,227,7.638766519823789
3,64,236,7.491525423728813
3,65,229,7.807860262008734
3,66,227,7.621145374449339
3,67,232,7.7844827586206895
3,68,236,7.826271186440678
3,69,242,7.900826446280992
3,70,247,7.603238866396761
3,71,242,7.756198347107438
3,72,245,7.820408163265306
3,73,241,7.829875518672199
3,74,242,7.723140495867769
3,75,240,7.770833333333333
3,76,242,7.971074380165289
3,77,251,7.617529880478088
3,78,250,7.728
3,79,240,7.483333333333333
3,80,236,7.6059322033898304
3,81,235,7.634042553191489
3,82,241,7.626556016597511
3,83,240,7.645833333333333
3,84,227,7.832599118942731
3,85,234,7.816239316239316
3,86,237,7.3924050632911396
3,87,234,7.457264957264957
3,88,236,7.0423728813559325
3,89,237,7.248945147679325
3,90,235,7.587234042553192
3,91,233,7.454935622317596
3,92,231,7.367965367965368
3,93,227,7.317180616740088
3,94,228,7.517543859649122
3,95,229,7.851528384279476
3,96,225,7.777777777777778
3,97,208,8.067307692307692
3,98,206,7.941747572815534
3,99,210,7.857142857142857
3,100,213,7.929577464788732
3,101,224,7.857142857142857
3,102,220,7.25
3,103,215,7.209302325581396
3,104,221,7.285067873303167
3,105,219,6.853881278538813
3,106,222,6.68018018018018
3,107,226,6.938053097345133
3,108,226,7.1415929203539825
3,109,220,7.286363636363636
3,110,216,7.421296296296297
3,111,208,7.427884615384615
3,112,198,7.303030303030303
3,113,197,7.3908629441624365
3,114,203,7.295566502463054
3,115,197,7.50253807106599
3,116,197,7.563451776649746
3,117,197,7.883248730964467
3,118,199,7.658291457286432
3,119,187,7.957219251336898
3,120,179,7.849162011173185
3,121,171,7.812865497076023
3,122,172,7.854651162790698
3,123,167,8.389221556886227
3,124,175,8.028571428571428
3,125,172,7.476744186046512
3,126,174,7.511494252873563
3,127,168,7.613095238095238
3,128,167,7.461077844311378
3,129,157,7.910828025477707
3,130,145,8.158620689655173
3,131,145,8.227586206896552
3,132,145,8.579310344827586
3,133,147,8.244897959183673
3,134,140,7.921428571428572
3,135,130,8.061538461538461
3,136,122,8.098360655737705
3,137,131,7.6106870229007635
3,138,134,7.582089552238806
3,139,138,7.463768115942029
3,140,136,7.625
3,141,133,7.7894736842105265
3,142,129,8.007751937984496
3,143,131,7.9541984732824424
3,144,129,8.37984496124031
3,145,123,7.951219512195122
3,146,122,7.89344262295082
3,147,123,8.05691056910569
3,148,132,7.621212121212121
3,149,128,7.71875
3,150,117,8.0
3,151,118,8.008474576271187
3,152,117,8.264957264957266
3,153,118,7.8474576271186445
3,154,118,7.728813559322034
3,155,115,7.834782608695652
3,156,117,7.854700854700854
3,157,123,7.609756097560975
3,158,128,7.8046875
3,159,130,7.546153846153846
3,160,124,7.403225806451613
3,161,124,7.443548387096774
3,162,127,7.724409448818897
3,163,127,7.653543307086614
3,164,134,7.723880597014926
3,165,130,7.661538461538462
3,166,127,7.661417322834645
3,167,130,7.869230769230769
3,168,130,7.6692307692307695
3,169,132,7.53030303030303
3,170,137,7.554744525547445
3,171,129,7.875968992248062
3,172,128,8.140625
3,173,138,7.934782608695652
3,174,142,7.78169014084507
3,175,136,7.845588235294118
3,176,130,7.969230769230769
3,177,126,8.015873015873016
3,178,129,8.0
3,179,125,7.536
3,180,125,7.984
3,181,124,8.379032258064516
3,182,121,8.363636363636363
3,183,125,8.28
3,184,120,7.975
3,185,118,7.338983050847458
3,186,108,7.342592592592593
3,187,110,7.181818181818182
3,188,110,7.5181818181818185
3,189,113,7.442477876106195
3,190,111,7.63963963963964
3,191,106,8.056603773584905
3,192,109,7.6880733944954125
3,193,110,8.036363636363637
3,194,112,8.232142857142858
3,195,119,7.65546218487395
3,196,121,7.785123966942149
3,197,119,7.411764705882353
3,198,109,7.238532110091743
3,199,103,7.067961165048544
3,200,98,7.040816326530612
3,201,98,7.244897959183674
3,202,89,7.415730337078652
3,203,89,7.550561797752809
3,204,94,7.24468085106383
3,205,93,6.774193548387097
3,206,91,6.406593406593407
3,207,94,6.287234042553192
3,208,93,6.838709677419355
3,209,91,7.252747252747253
3,210,89,7.853932584269663
3,211,85,7.364705882352941
3,212,78,7.641025641025641
3,213,77,7.688311688311688
3,214,77,7.792207792207792
3,215,78,7.294871794871795
3,216,80,7.3625
3,217,80,7.0875
3,218,72,7.041666666666667
3,219,66,6.515151515151516
3,220,64,6.734375
3,221,61,6.836065573770492
3,222,67,6.611940298507463
3,223,67,7.059701492537314
3,224,64,7.234375
3,225,58,6.913793103448276
3,226,65,6.538461538461538
3,227,65,6.969230769230769
3,228,66,6.878787878787879
3,229,65,6.630769230769231
3,230,62,6.774193548387097
3,231,59,7.220338983050848
3,232,56,7.107142857142857
3,233,55,7.4363636363636365
3,234,49,7.448979591836735
3,235,48,7.5
3,236,51,7.235294117647059
3,237,42,7.476190476190476
3,238,39,7.487179487179487
3,239,37,7.891891891891892
3,240,31,7.709677419354839
3,241,29,7.172413793103448
3,242,23,6.3478260869565215
3,243,24,6.875
3,244,23,7.739130434782608
3,245,23,7.869565217391305
3,246,22,7.090909090909091
3,247,20,7.05
3,248,15,6.0
3,249,14,5.214285714285714
3,250,14,6.214285714285714
3,251,14,6.071428571428571
3,252,14,5.928571428571429
3,253,16,6.0625
3,254,16,5.875
3,255,15,6.4
3,256,16,6.0625
3,257,15,6.866666666666666
3,258,12,7.0
3,259,10,6.4
3,260,9,6.555555555555555
3,261,10,6.8
3,262,10,7.0
3,263,11,7.2727272727272725
3,264,13,5.769230769230769
3,265,13,5.538461538461538
3,266,14,6.071428571428571
3,267,13,6.769230769230769
3,268,12,6.166666666666667
3,269,11,6.2727272727272725
3,270,12,6.666666666666667
3,271,11,7.636363636363637
3,272,11,7.0
3,273,11,8.0
3,274,12,8.25
3,275,12,9.25
3,276,13,7.3076923076923075
3,277,12,6.416666666666667
3,278,15,5.933333333333334
3,279,15,6.933333333333334
3,280,16,7.4375
3,281,19,6.631578947368421
3,282,15,5.0
3,283,14,5.928571428571429
3,284,14,6.928571428571429
3,285,13,7.384615384615385
3,286,12,8.083333333333334
3,287,12,8.166666666666666
3,288,9,7.888888888888889
3,289,9,8.88888888888889
3,290,9,9.88888888888889
3,291,10,9.8
3,292,12,9.0
3,293,13,9.23076923076923
3,294,13,9.0
3,295,13,10.0
3,296,11,10.0
3,297,8,8.625
3,298,7,8.428571428571429
3,299,7,9.428571428571429
3,300,6,8.5
3,301,8,7.125
3,302,8,6.875
3,303,7,7.571428571428571
3,304,6,5.5
3,305,8,4.875
3,306,7,4.571428571428571
3,307,7,5.571428571428571
3,308,6,5.0
3,309,4,5.25
3,310,3,6.333333333333333
3,311,3,7.333333333333333
3,312,3,8.333333333333334
3,313,3,9.333333333333334
3,314,2,11.0
3,315,4,6.0
3,316,3,4.333333333333333
3,317,2,2.0
3,318,2,3.0
3,319,1,4.0
3,320,1,5.0
3,321,1,6.0
3,322,1,7.0
3,323,0,0.0
3,324,0,0.0
3,325,0,0.0
3,326,0,0.0
3,327,0,0.0
3,328,0,0.0
3,329,0,0.0
3,330,0,0.0
3,331,0,0.0
3,332,0,0.0
3,333,0,0.0
3,334,0,0.0
3,335,0,0.0
3,336,0,0.0
3,337,0,0.0
3,338,0,0.0
3,339,0,0.0
3,340,0,0.0
3,341,0,0.0
3,342,0,0.0
3,343,0,0.0
3,344,0,0.0
3,345,0,0.0
3,346,0,0.0
3,347,0,0.0
3,348,0,0.0
3,349,0,0.0
3,350,0,0.0
3,351,0,0.0
3,352,0,0.0
3,353,0,0.0
3,354,0,0.0
3,355,0,0.0
3,356,0,0.0
3,357,0,0.0
3,358,0,0.0
3,359,0,0.0
3,360,0,0.0
3,361,0,0.0
3,362,0,0.0
3,363,0,0.0
3,364,0,0.0
3,365,0,0.0
3,366,0,0.0
3,367,0,0.0
3,368,0,0.0
3,369,0,0.0
3,370,0,0.0
3,371,0,0.0
3,372,0,0.0
3,373,0,0.0
3,374,0,0.0
3,375,0,0.0
3,376,0,0.0
3,377,0,0.0
3,378,0,0.0
3,379,0,0.0
3,380,0,0.0
3,381,0,0.0
3,382,0,0.0
3,383,0,0.0
3,384,0,0.0
3,385,0,0.0
3,386,0,0.0
3,387,0,0.0
3,388,0,0.0
3,389,0,0.0
3,390,0,0.0
3,391,0,0.0
3,392,0,0.0
3,393,0,0.0
3,394,0,0.0
3,395,0,0.0
3,396,0,0.0
3,397,0,0.0
3,398,0,0.0
3,399,0,0.0
3,400,0,0.0
4,0,20,0.0
4,1,20,1.0
4,2,20,2.0
4,3,20,3.0
4,4,20,4.0
4,5,20,5.0
4,6,20,6.0
4,7,20,7.0
4,8,20,8.0
4,9,24,7.5
4,10,25,8.16
4,11,29,7.517241379310345
4,12,35,7.057142857142857
4,13,39,7.230769230769231
4,14,42,7.309523809523809
4,15,43,7.767441860465116
4,16,46,8.195652173913043
4,17,47,9.0
4,18,49,9.224489795918368
4,19,51,9.647058823529411
4,20,53,9.867924528301886
4,21,57,9.771929824561404
4,22,62,9.693548387096774
4,23,67,9.208955223880597
4,24,71,9.633802816901408
4,25,79,9.240506329113924
4,26,91,8.703296703296703
4,27,98,8.73469387755102
4,28,100,8.58
4,29,105,9.038095238095238
4,30,111,9.225225225225225
4,31,118,9.177966101694915
4,32,109,7.532110091743119
4,33,114,7.780701754385965
4,34,120,7.875
4,35,122,7.901639344262295
4,36,121,8.50413223140496
4,37,123,8.617886178861788
4,38,133,8.225563909774436
4,39,137,8.591240875912408
4,40,140,8.521428571428572
4,41,151,8.225165562913908
4,42,153,8.15032679738562
4,43,153,8.091503267973856
4,44,157,8.363057324840764
4,45,162,8.32716049382716
4,46,170,8.241176470588234
4,47,165,8.418181818181818
4,48,176,8.085227272727273
4,49,179,8.318435754189943
4,50,179,8.64804469273743
4,51,195,8.24102564102564
4,52,195,8.430769230769231
4,53,201,8.407960199004975
4,54,198,8.828282828282829
4,55,200,8.76
4,56,209,8.263157894736842
4,57,216,8.26388888888889
4,58,219,8.173515981735159
4,59,225,7.702222222222222
4,60,233,7.763948497854077
4,61,225,7.937777777777778
4,62,221,7.678733031674208
4,63,224,7.919642857142857
4,64,223,8.201793721973095
4,65,226,8.225663716814159
4,66,229,8.406113537117903
4,67,237,8.19409282700422
4,68,240,8.279166666666667
4,69,242,8.359504132231406
4,70,250,8.248
4,71,239,7.97489539748954
4,72,247,8.008097165991902
4,73,244,8.172131147540984
4,74,244,8.200819672131148
4,75,240,8.2125
4,76,231,7.874458874458875
4,77,234,7.764957264957265
4,78,238,7.777310924369748
4,79,241,7.755186721991701
4,80,242,7.619834710743802
4,81,251,7.569721115537849
4,82,259,7.72972972972973
4,83,260,7.688461538461539
4,84,274,7.766423357664234
4,85,274,7.970802919708029
4,86,272,8.216911764705882
4,87,279,8.200716845878135
4,88,273,8.12087912087912
4,89,283,7.879858657243816
4,90,282,7.76595744680851
4,91,288,7.506944444444445
4,92,281,7.512455516014235
4,93,286,7.636363636363637
4,94,291,7.6632302405498285
4,95,279,8.082437275985663
4,96,273,7.992673992673993
4,97,263,7.76425855513308
4,98,260,8.057692307692308
4,99,265,7.950943396226415
4,100,262,8.103053435114504
4,101,266,8.323308270676693
4,102,270,7.814814814814815
4,103,272,7.720588235294118
4,104,284,7.471830985915493
4,105,279,7.666666666666667
4,106,281,7.683274021352313
4,107,285,7.7403508771929825
4,108,296,7.371621621621622
4,109,292,7.27054794520548
4,110,278,7.456834532374101
4,111,276,7.445652173913044
4,112,277,7.472924187725631
4,113,284,7.419014084507042
4,114,279,7.318996415770609
4,115,272,7.555147058823529
4,116,270,7.770370370370371
4,117,286,7.5874125874125875
4,118,295,7.633898305084746
4,119,288,7.791666666666667
4,120,289,7.903114186851211
4,121,288,8.07986111111111
4,122,287,7.59581881533101
4,123,282,7.382978723404255
4,124,273,7.641025641025641
4,125,273,7.73992673992674
4,126,280,7.446428571428571
4,127,270,7.485185185185185
4,128,270,7.488888888888889
4,129,275,7.632727272727273
4,130,273,7.428571428571429
4,131,280,7.578571428571428
4,132,282,7.450354609929078
4,133,272,7.430147058823529
4,134,271,7.228782287822878
4,135,275,7.032727272727273
4,136,271,7.180811808118081
4,137,265,7.169811320754717
4,138,262,7.209923664122138
4,139,257,7.217898832684825
4,140,261,7.252873563218391
4,141,268,7.272388059701493
4,142,286,7.363636363636363
4,143,294,7.003401360544218
4,144,295,6.796610169491525
4,145,308,6.961038961038961
4,146,294,6.887755102040816
4,147,290,7.1931034482758625
4,148,281,7.01779359430605
4,149,276,7.170289855072464
4,150,277,7.404332129963899
4,151,278,7.81294964028777
4,152,273,7.655677655677656
4,153,283,7.469964664310954
4,154,286,7.244755244755245
4,155,285,7.224561403508772
4,156,290,7.051724137931035
4,157,288,7.145833333333333
4,158,290,7.386206896551724
4,159,289,7.43598615916955
4,160,287,7.348432055749129
4,161,285,7.343859649122807
4,162,265,7.50188679245283
4,163,259,7.687258687258687
4,164,265,7.2679245283018865
4,165,265,7.132075471698113
4,166,264,7.295454545454546
4,167,263,7.243346007604563
4,168,259,7.177606177606178
4,169,256,7.05859375
4,170,264,7.128787878787879
4,171,259,7.555984555984556
4,172,251,7.561752988047809
4,173,247,7.663967611336032
4,174,250,7.636
4,175,249,7.710843373493976
4,176,242,7.595041322314049
4,177,224,7.477678571428571
4,178,222,7.45945945945946
4,179,223,7.448430493273543
4,180,231,7.445887445887446
4,181,225,7.08
4,182,223,7.179372197309417
4,183,213,7.032863849765258
4,184,225,7.088888888888889
4,185,215,7.223255813953489
4,186,211,7.464454976303317
4,187,211,7.597156398104265
4,188,212,7.632075471698113
4,189,221,7.579185520361991
4,190,221,7.520361990950226
4,191,225,7.235555555555556
4,192,222,7.351351351351352
4,193,217,7.3963133640553
4,194,208,7.6923076923076925
4,195,210,7.719047619047619
4,196,203,7.536945812807882
4,197,196,7.790816326530612
4,198,189,7.62962962962963
4,199,189,7.587301587301587
4,200,191,7.0890052356020945
4,201,207,6.927536231884058
4,202,197,7.086294416243655
4,203,192,7.140625
4,204,185,7.145945945945946
4,205,193,6.937823834196891
4,206,196,6.969387755102041
4,207,193,6.984455958549223
4,208,197,7.177664974619289
4,209,196,7.204081632653061
4,210,197,6.9847715736040605
4,211,192,7.036458333333333
4,212,203,7.182266009852217
4,213,205,7.024390243902439
4,214,198,7.217171717171717
4,215,208,7.278846153846154
4,216,205,7.375609756097561
4,217,201,7.442786069651741
4,218,201,7.2388059701492535
4,219,196,6.954081632653061
4,220,196,6.872448979591836
4,221,206,6.946601941747573
4,222,211,6.928909952606635
4,223,214,6.850467289719626
4,224,217,7.138248847926267
4,225,207,6.956521739130435
4,226,203,7.054187192118227
4,227,208,7.197115384615385
4,228,194,6.917525773195877
4,229,186,6.838709677419355
4,230,177,7.220338983050848
4,231,172,7.6104651162790695
4,232,165,7.66060606060606
4,233,161,7.869565217391305
4,234,160,7.75
4,235,161,7.701863354037267
4,236,154,7.759740259740259
4,237,145,7.310344827586207
4,238,143,7.2727272727272725
4,239,138,7.586956521739131
4,240,132,7.659090909090909
4,241,125,7.592
4,242,122,7.10655737704918
4,243,127,6.929133858267717
4,244,120,6.533333333333333
4,245,122,6.327868852459017
4,246,121,6.371900826446281
4,247,122,6.172131147540983
4,248,113,6.566371681415929
4,249,114,6.850877192982456
4,250,104,7.269230769230769
4,251,102,7.431372549019608
4,252,105,7.447619047619048
4,253,111,7.2792792792792795
4,254,110,7.363636363636363
4,255,112,7.357142857142857
4,256,108,7.212962962962963
4,257,100,7.25
4,258,102,7.098039215686274
4,259,104,7.471153846153846
4,260,107,7.336448598130841
4,261,103,7.485436893203883
4,262,100,7.31
4,263,105,7.6761904761904765
4,264,103,7.514563106796117
4,265,97,7.587628865979381
4,266,88,6.9772727272727275
4,267,83,7.578313253012048
4,268,75,7.306666666666667
4,269,74,7.216216216216216
4,270,75,7.2
4,271,77,7.545454545454546
4,272,82,7.451219512195122
4,273,83,6.9879518072289155
4,274,85,6.447058823529412
4,275,93,6.806451612903226
4,276,95,6.926315789473684
4,277,94,7.23404255319149
4,278,96,7.572916666666667
4,279,93,7.666666666666667
4,280,97,7.206185567010309
4,281,93,7.236559139784946
4,282,90,6.933333333333334
4,283,92,6.9021739130434785
4,284,94,7.031914893617022
4,285,99,7.121212121212121
4,286,100,7.17
4,287,94,7.553191489361702
4,288,86,8.05813953488372
4,289,85,8.211764705882352
4,290,88,7.465909090909091
4,291,96,7.104166666666667
4,292,100,7.34
4,293,96,7.28125
4,294,87,6.816091954022989
4,295,82,7.2073170731707314
4,296,82,7.7317073170731705
4,297,77,7.779220779220779
4,298,74,7.1891891891891895
4,299,79,7.1645569620253164
4,300,79,7.556962025316456
4,301,72,7.138888888888889
4,302,75,6.866666666666666
4,303,76,6.894736842105263
4,304,81,6.938271604938271
4,305,74,7.04054054054054
4,306,78,7.076923076923077
4,307,77,7.35064935064935
4,308,81,7.296296296296297
4,309,78,7.166666666666667
4,310,71,7.507042253521127
4,311,67,8.044776119402986
4,312,68,7.720588235294118
4,313,65,7.538461538461538
4,314,67,7.2835820895522385
4,315,68,7.867647058823529
4,316,71,8.19718309859155
4,317,68,7.764705882352941
4,318,78,7.102564102564102
4,319,76,7.092105263157895
4,320,74,7.324324324324325
4,321,72,6.888888888888889
4,322,77,7.1558441558441555
4,323,72,7.291666666666667
4,324,70,7.357142857142857
4,325,70,7.242857142857143
4,326,67,7.164179104477612
4,327,70,6.728571428571429
4,328,73,6.698630136986301
4,329,76,6.921052631578948
4,330,75,7.173333333333333
4,331,73,6.972602739726027
4,332,72,6.777777777777778
4,333,70,7.2
4,334,71,7.605633802816901
4,335,71,8.098591549295774
4,336,73,7.794520547945205
4,337,71,7.169014084507042
4,338,68,6.985294117647059
4,339,68,7.352941176470588
4,340,66,7.333333333333333
4,341,62,7.225806451612903
4,342,59,7.169491525423729
4,343,56,6.910714285714286
4,344,58,7.241379310344827
4,345,58,7.482758620689655
4,346,55,7.8545454545454545
4,347,55,7.327272727272727
4,348,48,7.770833333333333
4,349,43,7.674418604651163
4,350,40,7.95
4,351,38,8.105263157894736
4,352,38,7.2368421052631575
4,353,40,7.525
4,354,42,6.976190476190476
4,355,46,7.282608695652174
4,356,43,7.348837209302325
4,357,43,7.093023255813954
4,358,42,7.261904761904762
4,359,40,7.575
4,360,46,6.673913043478261
4,361,48,6.916666666666667
4,362,48,6.5625
4,363,49,6.551020408163265
4,364,49,6.489795918367347
4,365,48,6.854166666666667
4,366,46,6.913043478260869
4,367,47,7.1063829787234045
4,368,45,7.4
4,369,49,7.040816326530612
4,370,53,7.132075471698113
4,371,54,7.62962962962963
4,372,54,8.24074074074074
4,373,52,7.865384615384615
4,374,56,7.196428571428571
4,375,60,7.2
4,376,57,7.473684210526316
4,377,54,8.24074074074074
4,378,49,7.469387755102041
4,379,48,7.458333333333333
4,380,46,8.08695652173913
4,381,43,7.767441860465116
4,382,45,8.088888888888889
4,383,48,7.729166666666667
4,384,47,7.9787234042553195
4,385,46,8.043478260869565
4,386,37,7.324324324324325
4,387,40,6.975
4,388,38,7.184210526315789
4,389,37,7.5675675675675675
4,390,35,7.914285714285715
4,391,38,7.473684210526316
4,392,38,6.921052631578948
4,393,42,6.904761904761905
4,394,42,6.904761904761905
4,395,43,6.651162790697675
4,396,46,6.695652173913044
4,397,44,6.681818181818182
4,398,38,6.447368421052632
4,399,37,7.27027027027027
4,400,35,8.17142857142857
5,0,20,0.0
5,1,20,1.0
5,2,20,2.0
5,3,20,3.0
5,4,20,4.0
5,5,20,5.0
5,6,20,6.0
5,7,20,7.0
5,8,20,8.0
5,9,25,7.2
5,10,27,7.592592592592593
5,11,33,7.03030303030303
5,12,39,6.794871794871795
5,13,41,7.414634146341464
5,14,45,7.666666666666667
5,15,47,8.212765957446809
5,16,53,8.169811320754716
5,17,54,8.37037037037037
5,18,60,8.133333333333333
5,19,63,8.26984126984127
5,20,70,8.342857142857143
5,21,78,8.025641025641026
5,22,82,8.463414634146341
5,23,81,8.802469135802468
5,24,87,8.954022988505747
5,25,84,9.476190476190476
5,26,85,9.788235294117648
5,27,88,10.034090909090908
5,28,93,10.10752688172043
5,29,93,10.290322580645162
5,30,110,9.381818181818181
5,31,116,9.439655172413794
5,32,112,8.0625
5,33,117,7.880341880341881
5,34,123,7.617886178861789
5,35,120,7.883333333333334
5,36,127,8.165354330708661
5,37,126,8.166666666666666
5,38,130,8.338461538461539
5,39,139,8.446043165467627
5,40,143,8.55944055944056
5,41,146,8.561643835616438
5,42,156,8.461538461538462
5,43,163,8.699386503067485
5,44,164,8.439024390243903
5,45,174,8.040229885057471
5,46,182,8.456043956043956
5,47,185,8.04864864864865
5,48,185,8.135135135135135
5,49,186,7.919354838709677
5,50,189,7.925925925925926
5,51,197,7.908629441624366
5,52,198,8.1010101010101
5,53,204,8.352941176470589
5,54,202,8.400990099009901
5,55,197,8.48223350253807
5,56,208,8.115384615384615
5,57,208,8.028846153846153
5,58,215,7.916279069767442
5,59,222,8.031531531531531
5,60,228,8.083333333333334
5,61,226,8.29646017699115
5,62,235,8.263829787234043
5,63,232,8.456896551724139
5,64,229,8.406113537117903
5,65,226,8.676991150442477
5,66,236,8.317796610169491
5,67,242,8.227272727272727
5,68,244,8.21311475409836
5,69,246,8.41869918699187
5,70,236,7.733050847457627
5,71,239,7.401673640167364
5,72,233,7.450643776824034
5,73,233,7.369098712446352
5,74,229,7.724890829694323
5,75,237,7.793248945147679
5,76,240,7.5
5,77,239,7.368200836820083
5,78,241,7.443983402489627
5,79,235,7.502127659574468
5,80,229,7.497816593886463
5,81,224,7.575892857142857
5,82,231,7.523809523809524
5,83,234,7.5
5,84,231,7.558441558441558
5,85,231,7.367965367965368
5,86,235,7.395744680851064
5,87,238,7.168067226890757
5,88,243,7.209876543209877
5,89,232,7.245689655172414
5,90,231,7.341991341991342
5,91,217,7.124423963133641
5,92,224,7.397321428571429
5,93,228,7.5131578947368425
5,94,239,7.364016736401673
5,95,236,7.567796610169491
5,96,240,7.704166666666667
5,97,248,7.588709677419355
5,98,239,7.527196652719665
5,99,238,7.071428571428571
5,100,240,7.0125
5,101,239,7.079497907949791
5,102,241,6.829875518672199
5,103,239,6.958158995815899
5,104,241,7.20746887966805
5,105,242,7.524793388429752
5,106,245,7.485714285714286
5,107,242,7.475206611570248
5,108,239,7.451882845188284
5,109,251,7.286852589641434
5,110,255,7.262745098039216
5,111,255,7.152941176470589
5,112,244,7.319672131147541
5,113,252,7.511904761904762
5,114,252,7.313492063492063
5,115,255,7.341176470588235
5,116,259,7.444015444015444
5,117,262,7.5458015267175576
5,118,261,7.7203065134099615
5,119,257,7.470817120622568
5,120,254,7.7204724409448815
5,121,260,7.2153846153846155
5,122,260,7.538461538461538
5,123,268,7.615671641791045
5,124,263,7.520912547528517
5,125,272,7.231617647058823
5,126,271,7.14760147601476
5,127,267,7.318352059925093
5,128,267,7.149812734082397
5,129,264,7.09469696969697
5,130,262,7.148854961832061
5,131,257,7.280155642023346
5,132,253,7.399209486166008
5,133,245,7.910204081632653
5,134,247,7.7368421052631575
5,135,261,7.406130268199234
5,136,266,7.2593984962406015
5,137,274,6.9416058394160585
5,138,272,7.305147058823529
5,139,268,7.5111940298507465
5,140,273,7.556776556776557
5,141,270,7.614814814814815
5,142,264,7.590909090909091
5,143,255,7.686274509803922
5,144,253,7.628458498023716
5,145,251,7.637450199203188
5,146,245,7.661224489795918
5,147,254,7.602362204724409
5,148,259,7.749034749034749
5,149,239,7.548117154811716
5,150,226,7.411504424778761
5,151,232,7.120689655172414
5,152,228,7.223684210526316
5,153,239,7.184100418410042
5,154,234,7.410256410256411
5,155,232,7.478448275862069
5,156,227,7.458149779735683
5,157,227,7.026431718061674
5,158,230,7.1521739130434785
5,159,230,7.439130434782609
5,160,223,7.246636771300448
5,161,223,7.179372197309417
5,162,230,7.1173913043478265
5,163,225,7.315555555555555
5,164,222,7.31981981981982
5,165,231,7.2727272727272725
5,166,223,7.233183856502242
5,167,217,7.082949308755761
5,168,209,7.157894736842105
5,169,209,7.258373205741627
5,170,206,7.296116504854369
5,171,195,7.425641025641026
5,172,192,7.65625
5,173,187,7.834224598930481
5,174,191,7.9109947643979055
5,175,188,7.851063829787234
5,176,186,7.78494623655914
5,177,180,7.988888888888889
5,178,172,8.063953488372093
5,179,164,7.847560975609756
5,180,163,7.460122699386503
5,181,161,7.521739130434782
5,182,162,7.722222222222222
5,183,163,7.58282208588957
5,184,157,7.796178343949045
5,185,163,8.036809815950921
5,186,164,7.908536585365853
5,187,149,8.06711409395973
5,188,145,8.26206896551724
5,189,145,7.641379310344828
5,190,143,7.4475524475524475
5,191,141,7.475177304964539
5,192,151,7.006622516556291
5,193,158,6.8734177215189876
5,194,158,6.924050632911392
5,195,158,6.955696202531645
5,196,157,6.949044585987261
5,197,157,7.057324840764331
5,198,165,6.987878787878788
5,199,172,6.744186046511628
5,200,169,7.183431952662722
5,201,161,7.229813664596273
5,202,159,7.238993710691824
5,203,152,7.552631578947368
5,204,150,7.553333333333334
5,205,154,7.37012987012987
5,206,155,7.006451612903226
5,207,158,6.8164556962025316
5,208,156,6.948717948717949
5,209,151,7.5364238410596025
5,210,137,7.649635036496351
5,211,129,7.124031007751938
5,212,127,7.692913385826771
5,213,127,7.716535433070866
5,214,130,7.707692307692308
5,215,129,7.767441860465116
5,216,125,7.192
5,217,124,7.056451612903226
5,218,127,7.110236220472441
5,219,120,7.541666666666667
5,220,106,7.59433962264151
5,221,98,7.683673469387755
5,222,100,7.59
5,223,101,7.702970297029703
5,224,104,7.596153846153846
5,225,105,7.733333333333333
5,226,110,7.6
5,227,114,7.5
5,228,104,7.884615384615385
5,229,101,7.653465346534653
5,230,98,7.755102040816326
5,231,90,7.5
5,232,95,6.6421052631578945
5,233,92,6.532608695652174
5,234,93,7.064516129032258
5,235,87,7.32183908045977
5,236,82,7.012195121951219
5,237,83,7.36144578313253
5,238,82,7.7560975609756095
5,239,78,7.935897435897436
5,240,73,7.876712328767123
5,241,72,7.666666666666667
5,242,68,7.647058823529412
5,243,67,7.2388059701492535
5,244,65,7.292307692307692
5,245,62,7.016129032258065
5,246,62,7.145161290322581
5,247,59,7.627118644067797
5,248,61,7.590163934426229
5,249,54,7.277777777777778
5,250,50,6.78
5,251,51,6.980392156862745
5,252,48,7.020833333333333
5,253,50,7.22
5,254,52,7.346153846153846
5,255,48,7.479166666666667
5,256,53,6.886792452830188
5,257,52,6.903846153846154
5,258,49,7.040816326530612
5,259,44,6.545454545454546
5,260,42,6.666666666666667
5,261,38,6.894736842105263
5,262,46,5.978260869565218
5,263,49,6.122448979591836
5,264,54,6.462962962962963
5,265,55,6.418181818181818
5,266,54,6.611111111111111
5,267,52,7.326923076923077
5,268,46,6.717391304347826
5,269,47,7.191489361702128
5,270,41,7.048780487804878
5,271,43,6.953488372093023
5,272,40,7.525
5,273,40,8.0
5,274,38,7.684210526315789
5,275,39,7.641025641025641
5,276,38,7.973684210526316
5,277,39,8.564102564102564
5,278,44,7.590909090909091
5,279,46,6.8478260869565215
5,280,42,6.928571428571429
5,281,40,7.225
5,282,36,7.194444444444445
5,283,35,7.428571428571429
5,284,39,7.410256410256411
5,285,46,6.978260869565218
5,286,46,7.173913043478261
5,287,45,6.511111111111111
5,288,43,6.813953488372093
5,289,43,7.6976744186046515
5,290,43,8.13953488372093
5,291,37,8.0
5,292,34,7.5
5,293,32,6.625
5,294,29,6.862068965517241
5,295,29,7.310344827586207
5,296,31,7.064516129032258
5,297,31,6.580645161290323
5,298,33,6.0
5,299,33,6.636363636363637
5,300,37,6.486486486486487
5,301,36,6.138888888888889
5,302,37,5.702702702702703
5,303,35,6.6
5,304,37,6.918918918918919
5,305,35,7.0
5,306,35,6.942857142857143
5,307,33,7.151515151515151
5,308,33,7.787878787878788
5,309,37,7.216216216216216
5,310,39,7.128205128205129
5,311,39,6.897435897435898
5,312,41,6.317073170731708
5,313,42,6.857142857142857
5,314,44,7.2272727272727275
5,315,46,7.130434782608695
5,316,46,7.760869565217392
5,317,49,7.816326530612245
5,318,50,8.08
5,319,52,7.288461538461538
5,320,54,7.277777777777778
5,321,53,7.283018867924528
5,322,54,7.62962962962963
5,323,55,6.818181818181818
5,324,56,6.142857142857143
5,325,58,6.448275862068965
5,326,59,6.4576271186440675
5,327,56,7.089285714285714
5,328,56,7.571428571428571
5,329,58,7.4655172413793105
5,330,56,7.821428571428571
5,331,54,7.981481481481482
5,332,52,8.288461538461538
5,333,53,7.849056603773585
5,334,58,8.086206896551724
5,335,60,8.116666666666667
5,336,66,7.2272727272727275
5,337,69,7.63768115942029
5,338,72,7.555555555555555
5,339,71,7.535211267605634
5,340,76,7.065789473684211
5,341,77,7.207792207792208
5,342,75,7.746666666666667
5,343,71,7.929577464788732
5,344,72,7.555555555555555
5,345,71,7.380281690140845
5,346,68,7.735294117647059
5,347,67,7.686567164179104
5,348,63,7.888888888888889
5,349,61,7.950819672131147
5,350,60,7.45
5,351,66,6.954545454545454
5,352,66,7.5606060606060606
5,353,68,8.132352941176471
5,354,65,8.076923076923077
5,355,62,8.03225806451613
5,356,57,7.614035087719298
5,357,60,7.466666666666667
5,358,59,7.898305084745763
5,359,60,7.833333333333333
5,360,54,7.148148148148148
5,361,54,7.7407407407407405
5,362,54,7.648148148148148
5,363,56,7.357142857142857
5,364,57,7.315789473684211
5,365,52,7.115384615384615
5,366,55,7.163636363636364
5,367,58,7.172413793103448
5,368,61,7.360655737704918
5,369,52,6.980769230769231
5,370,55,6.963636363636364
5,371,54,6.703703703703703
5,372,53,7.056603773584905
5,373,51,7.196078431372549
5,374,51,7.1568627450980395
5,375,51,7.117647058823529
5,376,53,7.09433962264151
5,377,53,7.150943396226415
5,378,50,7.72
5,379,52,7.538461538461538
5,380,58,7.379310344827586
5,381,56,7.607142857142857
5,382,51,8.0
5,383,51,7.294117647058823
5,384,47,7.085106382978723
5,385,49,6.938775510204081
5,386,51,6.823529411764706
5,387,47,6.659574468085107
5,388,47,7.0638297872340425
5,389,48,7.479166666666667
5,390,48,7.958333333333333
5,391,45,7.133333333333334
5,392,44,6.4772727272727275
5,393,42,6.642857142857143
5,394,43,6.813953488372093
5,395,42,6.880952380952381
5,396,44,7.113636363636363
5,397,48,7.020833333333333
5,398,50,7.36
5,399,45,7.355555555555555
5,400,44,6.863636363636363
6,0,20,0.0
6,1,20,1.0
6,2,20,2.0
6,3,20,3.0
6,4,20,4.0
6,5,20,5.0
6,6,20,6.0
6,7,20,7.0
6,8,20,8.0
6,9,26,6.923076923076923
6,10,29,7.103448275862069
6,11,35,6.714285714285714
6,12,36,7.5
6,13,37,8.27027027027027
6,14,40,8.575
6,15,40,9.2
6,16,47,8.680851063829786
6,17,48,8.770833333333334
6,18,48,9.625
6,19,52,9.807692307692308
6,20,57,9.859649122807017
6,21,60,9.8
6,22,70,8.628571428571428
6,23,79,8.531645569620252
6,24,81,8.62962962962963
6,25,86,8.476744186046512
6,26,96,8.489583333333334
6,27,96,8.979166666666666
6,28,104,9.096153846153847
6,29,103,9.029126213592233
6,30,105,9.066666666666666
6,31,110,8.763636363636364
6,32,113,7.486725663716814
6,33,121,7.446280991735537
6,34,121,7.702479338842975
6,35,127,7.574803149606299
6,36,127,7.968503937007874
6,37,135,8.11111111111111
6,38,145,7.903448275862069
6,39,145,8.124137931034483
6,40,146,8.26027397260274
6,41,160,7.71875
6,42,162,8.234567901234568
6,43,160,8.2625
6,44,164,8.420731707317072
6,45,164,8.048780487804878
6,46,171,7.900584795321637
6,47,170,7.905882352941177
6,48,172,8.209302325581396
6,49,176,8.619318181818182
6,50,181,8.237569060773481
6,51,181,8.475138121546962
6,52,188,7.867021276595745
6,53,195,8.169230769230769
6,54,190,7.563157894736842
6,55,190,7.88421052631579
6,56,193,7.979274611398964
6,57,195,8.107692307692307
6,58,203,8.177339901477833
6,59,213,8.19718309859155
6,60,204,8.46078431372549
6,61,210,8.428571428571429
6,62,215,8.390697674418604
6,63,213,7.830985915492958
6,64,210,7.766666666666667
6,65,215,7.916279069767442
6,66,212,7.839622641509434
6,67,211,8.075829383886257
6,68,198,8.0
6,69,201,8.228855721393035
6,70,202,8.574257425742575
6,71,204,8.5
6,72,201,8.407960199004975
6,73,212,8.415094339622641
6,74,216,8.50462962962963
6,75,216,8.402777777777779
6,76,226,8.163716814159292
6,77,217,7.502304147465438
6,78,214,7.378504672897196
6,79,212,7.44811320754717
6,80,224,7.165178571428571
6,81,221,7.447963800904978
6,82,234,7.482905982905983
6,83,229,7.698689956331878
6,84,239,7.7824267782426775
6,85,247,7.842105263157895
6,86,234,7.803418803418803
6,87,239,7.7405857740585775
6,88,236,7.703389830508475
6,89,251,7.4541832669322705
6,90,256,7.296875
6,91,264,7.151515151515151
6,92,264,6.931818181818182
6,93,262,7.221374045801527
6,94,275,7.487272727272727
6,95,274,7.627737226277373
6,96,285,7.5508771929824565
6,97,289,7.442906574394463
6,98,301,7.249169435215947
6,99,301,7.395348837209302
6,100,298,7.3389261744966445
6,101,294,7.394557823129252
6,102,286,7.101398601398602
6,103,283,7.261484098939929
6,104,281,7.309608540925267
6,105,280,7.257142857142857
6,106,267,7.430711610486892
6,107,272,7.455882352941177
6,108,271,7.365313653136531
6,109,276,7.311594202898551
6,110,281,7.220640569395018
6,111,279,7.172043010752688
6,112,273,7.457875457875458
6,113,270,7.622222222222222
6,114,288,7.336805555555555
6,115,296,7.273648648648648
6,116,294,7.36734693877551
6,117,280,7.417857142857143
6,118,277,7.48014440433213
6,119,265,7.19622641509434
6,120,266,7.3007518796992485
6,121,269,7.278810408921933
6,122,266,7.417293233082707
6,123,265,7.052830188679246
6,124,263,7.091254752851711
6,125,272,7.25
6,126,270,7.344444444444444
6,127,264,7.284090909090909
6,128,264,7.545454545454546
6,129,262,7.515267175572519
6,130,263,7.79467680608365
6,131,250,7.948
6,132,249,7.714859437751004
6,133,250,7.292
6,134,261,6.957854406130268
6,135,256,6.78515625
6,136,260,6.569230769230769
6,137,255,6.968627450980392
6,138,245,7.053061224489796
6,139,251,7.247011952191235
6,140,254,7.381889763779528
6,141,248,7.020161290322581
6,142,248,6.979838709677419
6,143,250,7.104
6,144,258,7.127906976744186
6,145,269,7.007434944237918
6,146,278,6.748201438848921
6,147,276,6.757246376811594
6,148,282,6.702127659574468
6,149,285,6.687719298245614
6,150,277,6.703971119133574
6,151,292,6.969178082191781
6,152,302,7.029801324503311
6,153,295,7.28135593220339
6,154,287,7.327526132404182
6,155,284,7.211267605633803
6,156,283,7.374558303886926
6,157,281,7.338078291814947
6,158,268,7.440298507462686
6,159,269,7.260223048327138
6,160,259,7.362934362934363
6,161,260,7.496153846153846
6,162,254,7.346456692913386
6,163,246,7.516260162601626
6,164,252,6.896825396825397
6,165,258,6.883720930232558
6,166,253,6.818181818181818
6,167,251,7.159362549800797
6,168,238,7.323529411764706
6,169,236,7.529661016949152
6,170,233,7.789699570815451
6,171,231,7.528138528138528
6,172,231,7.268398268398268
6,173,228,7.364035087719298
6,174,218,7.059633027522936
6,175,217,7.1013824884792625
6,176,212,6.995283018867925
6,177,210,7.276190476190476
6,178,206,7.70873786407767
6,179,198,7.717171717171717
6,180,200,7.34
6,181,198,6.91919191919192
6,182,196,7.270408163265306
6,183,201,7.338308457711443
6,184,188,7.127659574468085
6,185,186,6.795698924731183
6,186,186,6.731182795698925
6,187,177,6.909604519774011
6,188,179,6.743016759776537
6,189,174,6.775862068965517
6,190,173,6.890173410404624
6,191,170,7.247058823529412
6,192,180,7.1722222222222225
6,193,183,7.33879781420765
6,194,180,7.622222222222222
6,195,181,7.414364640883978
6,196,180,7.1722222222222225
6,197,182,7.131868131868132
6,198,173,6.959537572254336
6,199,173,7.046242774566474
6,200,169,7.14792899408284
6,201,182,6.928571428571429
6,202,185,6.8432432432432435
6,203,189,6.867724867724868
6,204,190,6.647368421052631
6,205,191,6.780104712041885
6,206,192,7.0625
6,207,180,6.983333333333333
6,208,177,6.9209039548022595
6,209,173,7.063583815028902
6,210,161,7.118012422360248
6,211,164,7.286585365853658
6,212,166,7.704819277108434
6,213,167,7.227544910179641
6,214,165,7.151515151515151
6,215,165,7.193939393939394
6,216,165,6.957575757575758
6,217,164,6.969512195121951
6,218,151,7.2052980132450335
6,219,145,7.248275862068965
6,220,145,7.413793103448276
6,221,143,7.328671328671328
6,222,135,7.007407407407407
6,223,140,6.871428571428571
6,224,135,6.940740740740741
6,225,137,7.029197080291971
6,226,138,6.978260869565218
6,227,129,6.48062015503876
6,228,125,6.592
6,229,120,6.783333333333333
6,230,119,7.142857142857143
6,231,114,7.184210526315789
6,232,117,7.0256410256410255
6,233,120,7.233333333333333
6,234,122,7.049180327868853
6,235,125,6.76
6,236,122,6.836065573770492
6,237,121,6.735537190082645
6,238,115,6.730434782608696
6,239,106,7.377358490566038
6,240,104,7.75
6,241,108,7.546296296296297
6,242,99,7.0
6,243,101,7.0594059405940595
6,244,101,7.2772277227722775
6,245,102,7.313725490196078
6,246,97,7.144329896907217
6,247,97,7.422680412371134
6,248,98,7.408163265306122
6,249,89,7.52808988764045
6,250,83,7.493975903614458
6,251,75,7.466666666666667
6,252,72,7.666666666666667
6,253,74,8.202702702702704
6,254,69,7.550724637681159
6,255,64,7.125
6,256,62,6.854838709677419
6,257,67,6.537313432835821
6,258,61,6.836065573770492
6,259,55,6.927272727272728
6,260,53,7.2075471698113205
6,261,50,7.98
6,262,43,7.511627906976744
6,263,42,6.4523809523809526
6,264,42,6.928571428571429
6,265,42,7.0476190476190474
6,266,41,6.780487804878049
6,267,42,6.595238095238095
6,268,41,6.536585365853658
6,269,40,6.65
6,270,39,6.461538461538462
6,271,39,6.487179487179487
6,272,39,6.846153846153846
6,273,34,7.029411764705882
6,274,35,7.057142857142857
6,275,34,7.205882352941177
6,276,36,6.194444444444445
6,277,34,6.705882352941177
6,278,29,5.896551724137931
6,279,30,6.666666666666667
6,280,30,6.8
6,281,35,6.285714285714286
6,282,34,6.735294117647059
6,283,30,6.933333333333334
6,284,31,6.32258064516129
6,285,30,6.233333333333333
6,286,32,6.4375
6,287,33,6.545454545454546
6,288,36,6.055555555555555
6,289,37,6.513513513513513
6,290,35,6.085714285714285
6,291,35,5.942857142857143
6,292,36,6.361111111111111
6,293,39,6.512820512820513
6,294,38,6.447368421052632
6,295,34,6.9411764705882355
6,296,34,7.0
6,297,37,7.135135135135135
6,298,40,6.175
6,299,42,6.404761904761905
6,300,43,7.0
6,301,41,7.073170731707317
6,302,35,6.914285714285715
6,303,34,6.617647058823529
6,304,34,6.852941176470588
6,305,33,7.0606060606060606
6,306,36,6.611111111111111
6,307,32,6.8125
6,308,33,6.151515151515151
6,309,33,6.515151515151516
6,310,31,7.0
6,311,28,7.678571428571429
6,312,25,8.4
6,313,23,9.0
6,314,20,8.55
6,315,18,9.61111111111111
6,316,16,10.125
6,317,13,10.923076923076923
6,318,15,8.266666666666667
6,319,18,7.722222222222222
6,320,16,7.25
6,321,14,8.0
6,322,17,6.529411764705882
6,323,16,5.4375
6,324,16,6.4375
6,325,15,6.666666666666667
6,326,14,7.642857142857143
6,327,12,8.333333333333334
6,328,9,7.888888888888889
6,329,10,8.0
6,330,9,8.777777777777779
6,331,9,9.777777777777779
6,332,8,8.75
6,333,8,7.875
6,334,8,8.875
6,335,7,9.428571428571429
6,336,7,10.428571428571429
6,337,7,11.428571428571429
6,338,6,12.0
6,339,5,12.2
6,340,5,13.2
6,341,3,16.666666666666668
6,342,1,9.0
6,343,1,10.0
6,344,1,11.0
6,345,1,12.0
6,346,1,13.0
6,347,1,14.0
6,348,1,15.0
6,349,1,16.0
6,350,1,17.0
6,351,1,18.0
6,352,1,19.0
6,353,0,0.0
6,354,0,0.0
6,355,0,0.0
6,356,0,0.0
6,357,0,0.0
6,358,0,0.0
6,359,0,0.0
6,360,0,0.0
6,361,0,0.0
6,362,0,0.0
6,363,0,0.0
6,364,0,0.0
6,365,0,0.0
6,366,0,0.0
6,367,0,0.0
6,368,0,0.0
6,369,0,0.0
6,370,0,0.0
6,371,0,0.0
6,372,0,0.0
6,373,0,0.0
6,374,0,0.0
6,375,0,0.0
6,376,0,0.0
6,377,0,0.0
6,378,0,0.0
6,379,0,0.0
6,380,0,0.0
6,381,0,0.0
6,382,0,0.0
6,383,0,0.0
6,384,0,0.0
6,385,0,0.0
6,386,0,0.0
6,387,0,0.0
6,388,0,0.0
6,389,0,0.0
6,390,0,0.0
6,391,0,0.0
6,392,0,0.0
6,393,0,0.0
6,394,0,0.0
6,395,0,0.0
6,396,0,0.0
6,397,0,0.0
6,398,0,0.0
6,399,0,0.0
6,400,0,0.0
7,0,20,0.0
7,1,20,1.0
7,2,20,2.0
7,3,20,3.0
7,4,20,4.0
7,5,20,5.0
7,6,20,6.0
7,7,20,7.0
7,8,20,8.0
7,9,24,7.5
7,10,28,7.285714285714286
7,11,30,7.733333333333333
7,12,34,7.352941176470588
7,13,34,7.970588235294118
7,14,37,8.108108108108109
7,15,37,8.702702702702704
7,16,42,8.547619047619047
7,17,46,8.717391304347826
7,18,46,9.326086956521738
7,19,53,8.773584905660377
7,20,56,8.982142857142858
7,21,64,8.546875
7,22,69,8.217391304347826
7,23,70,8.32857142857143
7,24,69,8.753623188405797
7,25,73,8.849315068493151
7,26,75,9.586666666666666
7,27,84,9.297619047619047
7,28,86,9.80232558139535
7,29,87,9.551724137931034
7,30,93,9.387096774193548
7,31,96,9.78125
7,32,95,7.526315789473684
7,33,101,7.485148514851486
7,34,97,7.649484536082475
7,35,98,7.918367346938775
7,36,98,7.836734693877551
7,37,103,8.0
7,38,108,8.175925925925926
7,39,112,8.026785714285714
7,40,123,7.804878048780488
7,41,126,7.642857142857143
7,42,137,7.2846715328467155
7,43,139,7.345323741007194
7,44,141,7.411347517730497
7,45,142,7.436619718309859
7,46,142,7.690140845070423
7,47,148,7.945945945945946
7,48,149,7.973154362416107
7,49,153,7.967320261437909
7,50,157,7.8152866242038215
7,51,164,7.536585365853658
7,52,165,7.872727272727273
7,53,172,7.9186046511627906
7,54,168,7.517857142857143
7,55,170,7.9
7,56,174,7.919540229885057
7,57,178,8.280898876404494
7,58,182,8.302197802197803
7,59,185,8.248648648648649
7,60,194,8.144329896907216
7,61,197,7.781725888324873
7,62,203,7.9507389162561575
7,63,195,7.97948717948718
7,64,198,7.570707070707071
7,65,197,7.649746192893401
7,66,203,7.8669950738916254
7,67,199,8.06532663316583
7,68,197,8.3248730964467
7,69,191,8.256544502617801
7,70,194,8.355670103092784
7,71,204,8.161764705882353
7,72,194,8.324742268041238
7,73,203,8.261083743842365
7,74,207,7.913043478260869
7,75,206,7.883495145631068
7,76,209,7.507177033492823
7,77,216,7.708333333333333
7,78,216,7.666666666666667
7,79,224,7.625
7,80,238,7.5966386554621845
7,81,238,7.357142857142857
7,82,240,7.120833333333334
7,83,241,7.145228215767635
7,84,240,7.316666666666666
7,85,243,7.481481481481482
7,86,252,7.51984126984127
7,87,251,7.7848605577689245
7,88,260,7.892307692307693
7,89,265,7.845283018867924
7,90,260,7.453846153846154
7,91,257,7.657587548638133
7,92,253,7.569169960474309
7,93,250,7.796
7,94,261,7.586206896551724
7,95,260,7.657692307692308
7,96,259,8.11969111969112
7,97,262,8.251908396946565
7,98,253,7.956521739130435
7,99,252,7.670634920634921
7,100,254,7.433070866141732
7,101,252,7.5
7,102,255,7.7215686274509805
7,103,247,7.5465587044534415
7,104,248,7.306451612903226
7,105,239,7.497907949790795
7,106,248,7.306451612903226
7,107,248,7.540322580645161
7,108,246,7.686991869918699
7,109,248,7.620967741935484
7,110,250,7.692
7,111,239,7.669456066945607
7,112,231,7.528138528138528
7,113,233,7.330472103004292
7,114,230,7.556521739130435
7,115,233,7.351931330472103
7,116,243,7.172839506172839
7,117,238,7.4411764705882355
7,118,235,6.974468085106383
7,119,232,7.280172413793103
7,120,226,7.367256637168142
7,121,228,7.464912280701754
7,122,227,7.4449339207048455
7,123,223,7.511210762331839
7,124,225,7.884444444444444
7,125,234,7.700854700854701
7,126,233,7.489270386266094
7,127,236,7.385593220338983
7,128,222,7.373873873873874
7,129,218,7.1422018348623855
7,130,212,7.160377358490566
7,131,209,7.205741626794258
7,132,206,7.315533980582524
7,133,204,7.764705882352941
7,134,199,7.914572864321608
7,135,197,7.964467005076142
7,136,195,7.81025641025641
7,137,193,7.772020725388601
7,138,186,7.505376344086022
7,139,174,7.637931034482759
7,140,175,7.325714285714286
7,141,171,7.625730994152047
7,142,165,7.4363636363636365
7,143,165,7.2727272727272725
7,144,162,7.135802469135802
7,145,163,7.386503067484663
7,146,168,7.255952380952381
7,147,165,7.290909090909091
7,148,165,7.284848484848485
7,149,178,6.99438202247191
7,150,181,7.033149171270718
7,151,183,7.316939890710382
7,152,176,7.267045454545454
7,153,165,7.666666666666667
7,154,165,7.181818181818182
7,155,170,7.105882352941176
7,156,174,7.390804597701149
7,157,170,7.5588235294117645
7,158,164,7.853658536585366
7,159,169,7.680473372781065
7,160,156,7.698717948717949
7,161,157,7.6369426751592355
7,162,147,7.462585034013605
7,163,145,7.544827586206897
7,164,142,7.676056338028169
7,165,141,7.7304964539007095
7,166,148,7.581081081081081
7,167,151,7.357615894039735
7,168,153,7.339869281045751
7,169,156,7.705128205128205
7,170,157,7.738853503184713
7,171,156,8.14102564102564
7,172,151,7.854304635761589
7,173,145,7.710344827586207
7,174,145,7.944827586206896
7,175,146,7.767123287671233
7,176,151,7.158940397350993
7,177,154,7.194805194805195
7,178,154,7.259740259740259
7,179,153,7.516339869281046
7,180,152,8.026315789473685
7,181,160,7.73125
7,182,170,7.458823529411765
7,183,167,7.461077844311378
7,184,166,7.530120481927711
7,185,167,7.431137724550898
7,186,152,7.5
7,187,148,7.695945945945946
7,188,153,7.686274509803922
7,189,147,7.408163265306122
7,190,146,7.171232876712328
7,191,146,7.773972602739726
7,192,146,7.315068493150685
7,193,141,7.539007092198582
7,194,144,7.361111111111111
7,195,140,7.442857142857143
7,196,140,7.0928571428571425
7,197,141,7.0212765957446805
7,198,142,7.401408450704225
7,199,142,7.661971830985915
7,200,143,7.6923076923076925
7,201,148,7.621621621621622
7,202,147,7.782312925170068
7,203,148,7.837837837837838
7,204,147,7.510204081632653
7,205,148,7.547297297297297
7,206,148,7.5608108108108105
7,207,144,7.361111111111111
7,208,143,7.475524475524476
7,209,142,7.697183098591549
7,210,143,7.979020979020979
7,211,141,8.106382978723405
7,212,137,8.364963503649635
7,213,135,8.62962962962963
7,214,128,8.421875
7,215,129,7.813953488372093
7,216,129,8.116279069767442
7,217,132,8.037878787878787
7,218,137,7.992700729927007
7,219,135,7.985185185185185
7,220,125,7.672
7,221,120,7.541666666666667
7,222,118,7.677966101694915
7,223,121,7.264462809917355
7,224,128,7.375
7,225,135,7.066666666666666
7,226,138,7.188405797101449
7,227,131,7.145038167938932
7,228,134,6.850746268656716
7,229,135,7.133333333333334
7,230,132,7.674242424242424
7,231,130,8.092307692307692
7,232,124,8.016129032258064
7,233,128,7.53125
7,234,133,7.548872180451128
7,235,135,7.7481481481481485
7,236,142,7.140845070422535
7,237,133,6.7368421052631575
7,238,133,6.902255639097745
7,239,134,7.373134328358209
7,240,127,7.897637795275591
7,241,128,7.7265625
7,242,128,7.3671875
7,243,130,7.469230769230769
7,244,132,7.295454545454546
7,245,138,6.884057971014493
7,246,137,6.875912408759124
7,247,136,7.154411764705882
7,248,142,6.76056338028169
7,249,138,6.818840579710145
7,250,139,7.410071942446043
7,251,143,7.643356643356643
7,252,142,7.838028169014085
7,253,138,7.804347826086956
7,254,139,7.712230215827338
7,255,135,7.9037037037037035
7,256,133,7.834586466165414
7,257,134,7.3283582089552235
7,258,133,7.06015037593985
7,259,129,7.054263565891473
7,260,129,7.403100775193798
7,261,130,7.223076923076923
7,262,131,7.366412213740458
7,263,133,7.496240601503759
7,264,127,7.511811023622047
7,265,124,7.943548387096774
7,266,116,7.991379310344827
7,267,121,7.760330578512397
7,268,119,7.428571428571429
7,269,108,7.12037037037037
7,270,107,7.186915887850467
7,271,104,7.269230769230769
7,272,103,7.029126213592233
7,273,104,7.384615384615385
7,274,100,7.73
7,275,99,8.171717171717171
7,276,108,7.564814814814815
7,277,102,7.53921568627451
7,278,101,7.128712871287129
7,279,98,7.214285714285714
7,280,93,6.688172043010753
7,281,87,6.540229885057471
7,282,85,7.211764705882353
7,283,80,7.8125
7,284,78,7.987179487179487
7,285,81,7.716049382716049
7,286,83,7.325301204819277
7,287,85,7.305882352941176
7,288,83,7.614457831325301
7,289,87,7.494252873563219
7,290,81,7.62962962962963
7,291,86,7.476744186046512
7,292,85,7.576470588235294
7,293,87,7.195402298850575
7,294,85,6.823529411764706
7,295,85,6.847058823529411
7,296,85,7.211764705882353
7,297,80,7.025
7,298,78,7.294871794871795
7,299,86,6.930232558139535
7,300,88,7.090909090909091
7,301,92,7.1521739130434785
7,302,88,7.556818181818182
7,303,89,7.51685393258427
7,304,87,7.735632183908046
7,305,82,7.841463414634147
7,306,80,8.375
7,307,80,8.1625
7,308,74,7.6891891891891895
7,309,76,7.671052631578948
7,310,71,8.04225352112676
7,311,74,7.743243243243243
7,312,71,7.47887323943662
7,313,71,7.436619718309859
7,314,68,7.985294117647059
7,315,61,7.819672131147541
7,316,58,8.120689655172415
7,317,57,8.035087719298245
7,318,61,8.163934426229508
7,319,60,8.2
7,320,66,7.606060606060606
7,321,62,7.709677419354839
7,322,65,7.415384615384616
7,323,72,7.180555555555555
7,324,67,6.611940298507463
7,325,64,6.46875
7,326,64,6.703125
7,327,66,7.212121212121212
7,328,60,7.3
7,329,58,7.637931034482759
7,330,58,6.896551724137931
7,331,54,7.314814814814815
7,332,56,7.142857142857143
7,333,56,6.607142857142857
7,334,53,6.773584905660377
7,335,53,7.283018867924528
7,336,55,6.9818181818181815
7,337,49,7.040816326530612
7,338,48,7.375
7,339,49,7.571428571428571
7,340,51,6.745098039215686
7,341,49,7.061224489795919
7,342,49,6.63265306122449
7,343,46,7.043478260869565
7,344,46,6.695652173913044
7,345,44,7.136363636363637
7,346,45,7.4222222222222225
7,347,45,6.977777777777778
7,348,43,6.813953488372093
7,349,39,6.6923076923076925
7,350,40,7.05
7,351,37,6.1891891891891895
7,352,39,6.512820512820513
7,353,36,6.611111111111111
7,354,38,6.842105263157895
7,355,36,6.916666666666667
7,356,41,6.658536585365853
7,357,36,6.666666666666667
7,358,38,6.315789473684211
7,359,41,6.512195121951219
7,360,37,6.513513513513513
7,361,38,5.7631578947368425
7,362,39,6.384615384615385
7,363,39,7.076923076923077
7,364,38,7.473684210526316
7,365,39,7.051282051282051
7,366,39,7.153846153846154
7,367,36,7.194444444444445
7,368,36,6.805555555555555
7,369,36,6.666666666666667
7,370,39,6.6923076923076925
7,371,41,7.0
7,372,40,7.05
7,373,38,7.131578947368421
7,374,34,6.911764705882353
7,375,32,7.1875
7,376,29,7.137931034482759
7,377,30,6.3
7,378,28,6.214285714285714
7,379,27,7.0
7,380,27,6.7407407407407405
7,381,25,6.96
7,382,26,6.615384615384615
7,383,25,7.2
7,384,23,7.0
7,385,23,7.434782608695652
7,386,21,7.333333333333333
7,387,25,6.28
7,388,28,5.892857142857143
7,389,30,5.2
7,390,28,5.25
7,391,27,6.0
7,392,26,6.269230769230769
7,393,26,6.230769230769231
7,394,28,6.214285714285714
7,395,25,7.24
7,396,24,7.416666666666667
7,397,25,7.76
7,398,27,6.888888888888889
7,399,27,5.925925925925926
7,400,25,6.68
8,0,20,0.0
8,1,20,1.0
8,2,20,2.0
8,3,20,3.0
8,4,20,4.0
8,5,20,5.0
8,6,20,6.0
8,7,20,7.0
8,8,20,8.0
8,9,26,6.923076923076923
8,10,27,7.62962962962963
8,11,29,8.03448275862069
8,12,32,8.1875
8,13,36,8.166666666666666
8,14,40,8.25
8,15,44,8.409090909090908
8,16,49,8.448979591836734
8,17,52,8.903846153846153
8,18,59,8.728813559322035
8,19,60,9.566666666666666
8,20,64,9.46875
8,21,65,9.984615384615385
8,22,66,10.090909090909092
8,23,71,10.112676056338028
8,24,77,9.935064935064934
8,25,80,9.95
8,26,83,9.975903614457831
8,27,86,9.604651162790697
8,28,98,9.306122448979592
8,29,103,9.0
8,30,102,9.568627450980392
8,31,106,9.679245283018869
8,32,92,7.489130434782608
8,33,98,7.295918367346939
8,34,100,7.29
8,35,95,7.515789473684211
8,36,96,7.552083333333333
8,37,100,7.59
8,38,109,7.055045871559633
8,39,116,7.318965517241379
8,40,120,7.425
8,41,116,7.405172413793103
8,42,119,7.588235294117647
8,43,119,7.5210084033613445
8,44,116,8.043103448275861
8,45,117,8.205128205128204
8,46,117,8.452991452991453
8,47,112,8.169642857142858
8,48,113,8.008849557522124
8,49,115,7.913043478260869
8,50,117,7.982905982905983
8,51,118,8.186440677966102
8,52,114,8.18421052631579
8,53,109,7.963302752293578
8,54,113,7.920353982300885
8,55,106,7.830188679245283
8,56,106,7.990566037735849
8,57,107,8.037383177570094
8,58,115,7.886956521739131
8,59,123,7.853658536585366
8,60,123,7.8861788617886175
8,61,123,7.796747967479675
8,62,128,7.3828125
8,63,132,7.295454545454546
8,64,133,7.2330827067669174
8,65,128,7.21875
8,66,123,6.991869918699187
8,67,113,7.20353982300885
8,68,112,7.446428571428571
8,69,113,7.778761061946903
8,70,106,7.226415094339623
8,71,111,7.36036036036036
8,72,117,7.435897435897436
8,73,112,7.607142857142857
8,74,113,7.079646017699115
8,75,114,6.692982456140351
8,76,115,6.913043478260869
8,77,115,6.730434782608696
8,78,118,6.9576271186440675
8,79,113,7.15929203539823
8,80,112,7.419642857142857
8,81,115,7.078260869565217
8,82,115,7.226086956521739
8,83,117,6.837606837606837
8,84,114,6.947368421052632
8,85,111,7.243243243243243
8,86,114,7.245614035087719
8,87,106,7.433962264150943
8,88,106,7.169811320754717
8,89,106,7.415094339622642
8,90,102,7.598039215686274
8,91,103,7.699029126213592
8,92,114,7.535087719298246
8,93,110,7.454545454545454
8,94,105,7.9523809523809526
8,95,111,8.306306306306306
8,96,98,7.622448979591836
8,97,97,7.185567010309279
8,98,98,6.938775510204081
8,99,100,6.67
8,100,104,7.240384615384615
8,101,99,7.141414141414141
8,102,91,6.824175824175824
8,103,86,7.209302325581396
8,104,89,6.876404494382022
8,105,88,7.2727272727272725
8,106,88,6.7727272727272725
8,107,91,7.0
8,108,91,7.153846153846154
8,109,89,6.831460674157303
8,110,84,7.321428571428571
8,111,82,7.512195121951219
8,112,83,7.36144578313253
8,113,79,6.822784810126582
8,114,77,6.740259740259741
8,115,78,6.897435897435898
8,116,80,7.1125
8,117,79,7.531645569620253
8,118,82,7.2317073170731705
8,119,82,6.7439024390243905
8,120,73,6.821917808219178
8,121,75,6.92
8,122,72,7.152777777777778
8,123,73,7.0
8,124,77,6.766233766233766
8,125,79,6.746835443037975
8,126,74,7.054054054054054
8,127,66,7.348484848484849
8,128,61,7.426229508196721
8,129,57,7.0
8,130,60,7.166666666666667
8,131,62,7.048387096774194
8,132,63,6.73015873015873
8,133,62,6.774193548387097
8,134,62,6.951612903225806
8,135,65,6.7384615384615385
8,136,60,6.55
8,137,58,6.517241379310345
8,138,57,6.7368421052631575
8,139,56,6.803571428571429
8,140,56,7.375
8,141,54,7.537037037037037
8,142,51,7.607843137254902
8,143,54,7.7592592592592595
8,144,57,7.43859649122807
8,145,56,7.589285714285714
8,146,57,7.543859649122807
8,147,53,7.226415094339623
8,148,57,7.578947368421052
8,149,55,8.254545454545454
8,150,53,7.509433962264151
8,151,48,7.375
8,152,48,7.3125
8,153,45,6.7555555555555555
8,154,44,7.431818181818182
8,155,46,7.8478260869565215
8,156,45,7.822222222222222
8,157,46,7.326086956521739
8,158,41,6.829268292682927
8,159,40,6.975
8,160,43,6.488372093023256
8,161,44,7.181818181818182
8,162,38,6.7631578947368425
8,163,39,7.153846153846154
8,164,39,7.0
8,165,40,6.95
8,166,40,6.85
8,167,41,7.024390243902439
8,168,40,7.5
8,169,36,8.11111111111111
8,170,35,6.857142857142857
8,171,33,6.909090909090909
8,172,35,7.457142857142857
8,173,34,8.264705882352942
8,174,32,8.125
8,175,34,8.176470588235293
8,176,33,8.303030303030303
8,177,27,7.888888888888889
8,178,27,8.407407407407407
8,179,25,7.72
8,180,22,8.5
8,181,21,9.19047619047619
8,182,22,8.909090909090908
8,183,22,7.7727272727272725
8,184,20,7.4
8,185,17,6.352941176470588
8,186,18,6.944444444444445
8,187,17,6.294117647058823
8,188,18,6.888888888888889
8,189,15,7.4
8,190,15,7.333333333333333
8,191,15,7.533333333333333
8,192,15,7.2
8,193,16,7.6875
8,194,15,7.733333333333333
8,195,16,7.0
8,196,17,7.176470588235294
8,197,16,7.9375
8,198,13,7.461538461538462
8,199,14,6.714285714285714
8,200,14,7.714285714285714
8,201,15,8.133333333333333
8,202,14,7.357142857142857
8,203,14,7.0
8,204,16,6.0
8,205,16,6.25
8,206,15,6.933333333333334
8,207,17,6.0588235294117645
8,208,17,7.0588235294117645
8,209,17,8.058823529411764
8,210,16,7.5625
8,211,15,8.066666666666666
8,212,16,8.5
8,213,15,7.266666666666667
8,214,15,6.8
8,215,14,7.214285714285714
8,216,13,7.923076923076923
8,217,15,7.733333333333333
8,218,16,7.5
8,219,17,7.0588235294117645
8,220,15,7.4
8,221,16,7.875
8,222,18,7.888888888888889
8,223,15,7.266666666666667
8,224,13,6.923076923076923
8,225,13,7.923076923076923
8,226,15,7.733333333333333
8,227,14,8.642857142857142
8,228,14,8.5
8,229,10,8.4
8,230,9,9.11111111111111
8,231,8,10.25
8,232,8,8.5
8,233,7,8.857142857142858
8,234,6,9.5
8,235,6,7.5
8,236,4,6.25
8,237,5,5.8
8,238,5,6.8
8,239,4,6.5
8,240,4,7.5
8,241,4,8.5
8,242,3,10.333333333333334
8,243,2,8.5
8,244,1,7.0
8,245,1,8.0
8,246,1,9.0
8,247,1,10.0
8,248,1,11.0
8,249,0,0.0
8,250,0,0.0
8,251,0,0.0
8,252,0,0.0
8,253,0,0.0
8,254,0,0.0
8,255,0,0.0
8,256,0,0.0
8,257,0,0.0
8,258,0,0.0
8,259,0,0.0
8,260,0,0.0
8,261,0,0.0
8,262,0,0.0
8,263,0,0.0
8,264,0,0.0
8,265,0,0.0
8,266,0,0.0
8,267,0,0.0
8,268,0,0.0
8,269,0,0.0
8,270,0,0.0
8,271,0,0.0
8,272,0,0.0
8,273,0,0.0
8,274,0,0.0
8,275,0,0.0
8,276,0,0.0
8,277,0,0.0
8,278,0,0.0
8,279,0,0.0
8,280,0,0.0
8,281,0,0.0
8,282,0,0.0
8,283,0,0.0
8,284,0,0.0
8,285,0,0.0
8,286,0,0.0
8,287,0,0.0
8,288,0,0.0
8,289,0,0.0
8,290,0,0.0
8,291,0,0.0
8,292,0,0.0
8,293,0,0.0
8,294,0,0.0
8,295,0,0.0
8,296,0,0.0
8,297,0,0.0
8,298,0,0.0
8,299,0,0.0
8,300,0,0.0
8,301,0,0.0
8,302,0,0.0
8,303,0,0.0
8,304,0,0.0
8,305,0,0.0
8,306,0,0.0
8,307,0,0.0
8,308,0,0.0
8,309,0,0.0
8,310,0,0.0
8,311,0,0.0
8,312,0,0.0
8,313,0,0.0
8,314,0,0.0
8,315,0,0.0
8,316,0,0.0
8,317,0,0.0
8,318,0,0.0
8,319,0,0.0
8,320,0,0.0
8,321,0,0.0
8,322,0,0.0
8,323,0,0.0
8,324,0,0.0
8,325,0,0.0
8,326,0,0.0
8,327,0,0.0
8,328,0,0.0
8,329,0,0.0
8,330,0,0.0
8,331,0,0.0
8,332,0,0.0
8,333,0,0.0
8,334,0,0.0
8,335,0,0.0
8,336,0,0.0
8,337,0,0.0
8,338,0,0.0
8,339,0,0.0
8,340,0,0.0
8,341,0,0.0
8,342,0,0.0
8,343,0,0.0
8,344,0,0.0
8,345,0,0.0
8,346,0,0.0
8,347,0,0.0
8,348,0,0.0
8,349,0,0.0
8,350,0,0.0
8,351,0,0.0
8,352,0,0.0
8,353,0,0.0
8,354,0,0.0
8,355,0,0.0
8,356,0,0.0
8,357,0,0.0
8,358,0,0.0
8,359,0,0.0
8,360,0,0.0
8,361,0,0.0
8,362,0,0.0
8,363,0,0.0
8,364,0,0.0
8,365,0,0.0
8,366,0,0.0
8,367,0,0.0
8,368,0,0.0
8,369,0,0.0
8,370,0,0.0
8,371,0,0.0
8,372,0,0.0
8,373,0,0.0
8,374,0,0.0
8,375,0,0.0
8,376,0,0.0
8,377,0,0.0
8,378,0,0.0
8,379,0,0.0
8,380,0,0.0
8,381,0,0.0
8,382,0,0.0
8,383,0,0.0
8,384,0,0.0
8,385,0,0.0
8,386,0,0.0
8,387,0,0.0
8,388,0,0.0
8,389,0,0.0
8,390,0,0.0
8,391,0,0.0
8,392,0,0.0
8,393,0,0.0
8,394,0,0.0
8,395,0,0.0
8,396,0,0.0
8,397,0,0.0
8,398,0,0.0
8,399,0,0.0
8,400,0,0.0
9,0,20,0.0
9,1,20,1.0
9,2,20,2.0
9,3,20,3.0
9,4,20,4.0
9,5,20,5.0
9,6,20,6.0
9,7,20,7.0
9,8,20,8.0
9,9,25,7.2
9,10,28,7.321428571428571
9,11,31,7.516129032258065
9,12,34,7.764705882352941
9,13,38,7.842105263157895
9,14,44,7.636363636363637
9,15,46,8.26086956521739
9,16,47,9.063829787234043
9,17,48,9.854166666666666
9,18,47,10.319148936170214
9,19,56,9.5
9,20,56,8.357142857142858
9,21,57,8.456140350877194
9,22,62,8.693548387096774
9,23,66,8.712121212121213
9,24,71,9.028169014084508
9,25,75,9.12
9,26,76,9.43421052631579
9,27,83,9.180722891566266
9,28,83,9.385542168674698
9,29,78,9.0
9,30,84,8.94047619047619
9,31,87,9.448275862068966
9,32,76,7.947368421052632
9,33,73,8.315068493150685
9,34,82,8.048780487804878
9,35,79,7.987341772151899
9,36,82,8.512195121951219
9,37,96,7.635416666666667
9,38,98,7.836734693877551
9,39,104,7.615384615384615
9,40,106,8.056603773584905
9,41,103,7.718446601941747
9,42,105,7.8
9,43,108,8.101851851851851
9,44,112,7.973214285714286
9,45,110,8.154545454545454
9,46,116,8.129310344827585
9,47,108,8.194444444444445
9,48,113,7.964601769911504
9,49,118,7.88135593220339
9,50,123,7.894308943089431
9,51,121,8.15702479338843
9,52,121,8.099173553719009
9,53,125,8.072
9,54,120,7.766666666666667
9,55,118,7.601694915254237
9,56,110,7.627272727272727
9,57,112,7.348214285714286
9,58,110,7.754545454545455
9,59,117,7.581196581196581
9,60,114,7.368421052631579
9,61,105,7.190476190476191
9,62,105,7.133333333333334
9,63,106,7.283018867924528
9,64,104,7.134615384615385
9,65,98,7.448979591836735
9,66,97,7.237113402061856
9,67,97,7.463917525773196
9,68,95,7.347368421052631
9,69,97,7.639175257731959
9,70,91,7.912087912087912
9,71,89,7.808988764044944
9,72,84,8.0
9,73,82,7.475609756097561
9,74,84,7.571428571428571
9,75,93,6.989247311827957
9,76,89,6.741573033707865
9,77,89,6.707865168539326
9,78,88,6.863636363636363
9,79,90,6.844444444444444
9,80,93,7.21505376344086
9,81,94,7.468085106382978
9,82,98,7.755102040816326
9,83,91,7.21978021978022
9,84,91,7.362637362637362
9,85,86,6.790697674418604
9,86,83,6.602409638554217
9,87,78,7.051282051282051
9,88,72,6.694444444444445
9,89,73,6.616438356164384
9,90,70,7.3
9,91,62,7.725806451612903
9,92,59,7.932203389830509
9,93,62,7.483870967741935
9,94,60,7.633333333333334
9,95,60,7.4
9,96,63,7.079365079365079
9,97,60,7.133333333333334
9,98,67,6.477611940298507
9,99,64,6.0625
9,100,55,5.6909090909090905
9,101,56,6.0
9,102,55,6.418181818181818
9,103,54,7.148148148148148
9,104,52,7.923076923076923
9,105,54,8.462962962962964
9,106,58,8.293103448275861
9,107,64,7.234375
9,108,69,7.130434782608695
9,109,65,6.630769230769231
9,110,59,6.4576271186440675
9,111,58,6.706896551724138
9,112,60,6.9
9,113,56,6.660714285714286
9,114,57,7.035087719298246
9,115,54,7.37037037037037
9,116,55,7.254545454545455
9,117,59,6.745762711864407
9,118,58,5.913793103448276
9,119,60,6.066666666666666
9,120,56,6.267857142857143
9,121,61,6.426229508196721
9,122,60,6.45
9,123,58,6.758620689655173
9,124,59,7.254237288135593
9,125,59,7.372881355932203
9,126,62,6.983870967741935
9,127,64,7.265625
9,128,67,7.746268656716418
9,129,62,7.870967741935484
9,130,63,7.603174603174603
9,131,64,7.25
9,132,66,7.106060606060606
9,133,67,7.029850746268656
9,134,65,7.061538461538461
9,135,68,6.852941176470588
9,136,75,6.8533333333333335
9,137,76,6.671052631578948
9,138,78,7.051282051282051
9,139,77,7.532467532467533
9,140,73,7.890410958904109
9,141,70,7.771428571428571
9,142,71,7.746478873239437
9,143,70,7.885714285714286
9,144,79,7.556962025316456
9,145,76,7.381578947368421
9,146,82,6.914634146341464
9,147,79,7.3544303797468356
9,148,79,7.6835443037974684
9,149,77,7.987012987012987
9,150,84,7.5476190476190474
9,151,81,7.851851851851852
9,152,79,7.708860759493671
9,153,76,7.894736842105263
9,154,73,8.0
9,155,71,7.549295774647887
9,156,72,7.388888888888889
9,157,74,6.837837837837838
9,158,73,7.205479452054795
9,159,75,6.76
9,160,76,7.131578947368421
9,161,83,6.734939759036145
9,162,83,7.0
9,163,84,7.273809523809524
9,164,82,7.524390243902439
9,165,80,7.9125
9,166,78,8.474358974358974
9,167,78,7.833333333333333
9,168,81,7.925925925925926
9,169,76,7.25
9,170,76,7.671052631578948
9,171,72,7.597222222222222
9,172,68,7.926470588235294
9,173,70,8.028571428571428
9,174,71,7.507042253521127
9,175,65,7.8307692307692305
9,176,65,8.507692307692308
9,177,63,8.619047619047619
9,178,66,8.136363636363637
9,179,70,7.6
9,180,69,7.405797101449275
9,181,64,7.578125
9,182,68,6.897058823529412
9,183,70,7.0
9,184,70,7.3428571428571425
9,185,66,7.863636363636363
9,186,66,8.136363636363637
9,187,65,7.8
9,188,61,7.918032786885246
9,189,60,7.716666666666667
9,190,54,7.092592592592593
9,191,52,7.384615384615385
9,192,53,7.7924528301886795
9,193,52,8.365384615384615
9,194,56,8.428571428571429
9,195,50,9.18
9,196,48,8.916666666666666
9,197,53,8.132075471698114
9,198,53,8.056603773584905
9,199,51,7.7254901960784315
9,200,50,7.04
9,201,49,6.795918367346939
9,202,54,6.851851851851852
9,203,52,7.1923076923076925
9,204,53,6.679245283018868
9,205,55,6.781818181818182
9,206,55,6.945454545454545
9,207,55,7.527272727272727
9,208,57,6.964912280701754
9,209,57,6.771929824561403
9,210,57,7.280701754385965
9,211,59,8.0
9,212,63,8.174603174603174
9,213,62,8.46774193548387
9,214,65,8.36923076923077
9,215,59,7.627118644067797
9,216,55,7.781818181818182
9,217,54,7.814814814814815
9,218,55,7.781818181818182
9,219,57,7.140350877192983
9,220,59,7.101694915254237
9,221,61,7.409836065573771
9,222,56,6.928571428571429
9,223,57,7.456140350877193
9,224,57,7.368421052631579
9,225,66,6.5606060606060606
9,226,66,6.666666666666667
9,227,74,6.635135135135135
9,228,76,6.868421052631579
9,229,74,6.391891891891892
9,230,75,6.653333333333333
9,231,79,7.265822784810126
9,232,77,7.584415584415584
9,233,78,7.743589743589744
9,234,80,7.8125
9,235,78,7.987179487179487
9,236,79,7.8734177215189876
9,237,76,8.526315789473685
9,238,73,9.04109589041096
9,239,65,8.923076923076923
9,240,68,8.073529411764707
9,241,71,8.23943661971831
9,242,70,8.557142857142857
9,243,66,9.06060606060606
9,244,65,8.907692307692308
9,245,62,8.725806451612904
9,246,68,7.985294117647059
9,247,60,7.766666666666667
9,248,54,7.203703703703703
9,249,56,7.053571428571429
9,250,52,7.326923076923077
9,251,49,7.183673469387755
9,252,48,7.333333333333333
9,253,50,7.5
9,254,46,7.108695652173913
9,255,50,6.88
9,256,46,7.086956521739131
9,257,43,7.27906976744186
9,258,42,8.047619047619047
9,259,41,7.414634146341464
9,260,41,7.853658536585366
9,261,37,8.135135135135135
9,262,32,8.21875
9,263,29,8.275862068965518
9,264,35,7.3428571428571425
9,265,32,7.71875
9,266,30,6.3
9,267,28,6.785714285714286
9,268,29,7.241379310344827
9,269,30,7.533333333333333
9,270,26,5.923076923076923
9,271,26,5.769230769230769
9,272,29,6.068965517241379
9,273,29,6.827586206896552
9,274,28,7.535714285714286
9,275,24,6.75
9,276,25,7.04
9,277,23,7.478260869565218
9,278,23,8.478260869565217
9,279,27,8.074074074074074
9,280,25,8.0
9,281,27,7.37037037037037
9,282,28,7.428571428571429
9,283,31,7.129032258064516
9,284,31,7.258064516129032
9,285,29,7.413793103448276
9,286,29,7.827586206896552
9,287,27,8.222222222222221
9,288,25,8.08
9,289,24,8.75
9,290,26,8.307692307692308
9,291,29,8.344827586206897
9,292,25,7.16
9,293,28,6.357142857142857
9,294,28,6.571428571428571
9,295,28,7.178571428571429
9,296,26,7.769230769230769
9,297,26,7.769230769230769
9,298,26,7.923076923076923
9,299,24,7.583333333333333
9,300,24,7.708333333333333
9,301,21,6.809523809523809
9,302,21,7.809523809523809
9,303,18,7.055555555555555
9,304,21,6.904761904761905
9,305,22,7.545454545454546
9,306,23,7.608695652173913
9,307,25,7.2
9,308,24,7.5
9,309,22,7.0
9,310,25,6.68
9,311,27,7.111111111111111
9,312,25,7.32
9,313,25,7.12
9,314,24,7.75
9,315,22,7.454545454545454
9,316,22,8.454545454545455
9,317,23,9.043478260869565
9,318,23,8.956521739130435
9,319,25,8.12
9,320,29,7.413793103448276
9,321,30,5.166666666666667
9,322,31,5.096774193548387
9,323,30,4.766666666666667
9,324,28,5.071428571428571
9,325,27,6.074074074074074
9,326,27,7.074074074074074
9,327,25,6.48
9,328,26,7.1923076923076925
9,329,24,7.916666666666667
9,330,27,7.555555555555555
9,331,28,7.785714285714286
9,332,28,7.75
9,333,26,8.423076923076923
9,334,29,7.551724137931035
9,335,27,8.037037037037036
9,336,26,8.192307692307692
9,337,27,7.925925925925926
9,338,29,7.724137931034483
9,339,26,7.538461538461538
9,340,22,6.909090909090909
9,341,22,7.090909090909091
9,342,22,7.136363636363637
9,343,22,8.136363636363637
9,344,21,8.142857142857142
9,345,20,8.95
9,346,18,9.055555555555555
9,347,18,9.444444444444445
9,348,16,8.875
9,349,13,8.846153846153847
9,350,10,8.9
9,351,13,7.615384615384615
9,352,15,7.466666666666667
9,353,17,7.470588235294118
9,354,16,7.75
9,355,14,5.928571428571429
9,356,13,5.769230769230769
9,357,15,5.866666666666666
9,358,15,5.733333333333333
9,359,15,6.733333333333333
9,360,15,6.866666666666666
9,361,17,6.9411764705882355
9,362,17,7.9411764705882355
9,363,17,8.941176470588236
9,364,18,8.5
9,365,16,8.3125
9,366,18,6.722222222222222
9,367,16,7.0
9,368,13,6.384615384615385
9,369,14,6.285714285714286
9,370,15,6.8
9,371,16,6.3125
9,372,14,7.142857142857143
9,373,14,8.142857142857142
9,374,13,8.153846153846153
9,375,11,7.181818181818182
9,376,11,8.181818181818182
9,377,12,8.416666666666666
9,378,12,8.416666666666666
9,379,12,9.416666666666666
9,380,13,9.615384615384615
9,381,14,9.857142857142858
9,382,12,10.083333333333334
9,383,12,9.666666666666666
9,384,10,9.7
9,385,10,10.7
9,386,10,9.1
9,387,10,10.1
9,388,11,10.090909090909092
9,389,10,11.1
9,390,7,10.428571428571429
9,391,8,10.0
9,392,7,9.428571428571429
9,393,8,9.125
9,394,8,10.125
9,395,8,7.375
9,396,9,7.444444444444445
9,397,7,7.0
9,398,8,7.0
9,399,8,6.0
9,400,8,7.0
