year,mean_population,std_population,min_population,max_population,mean_age,std_age,min_age,max_age
0,20.0,0.0,20,20,0.0,0.0,0.0,0.0
1,20.0,0.0,20,20,1.0,0.0,1.0,1.0
2,20.0,0.0,20,20,2.0,0.0,2.0,2.0
3,20.0,0.0,20,20,3.0,0.0,3.0,3.0
4,20.0,0.0,20,20,4.0,0.0,4.0,4.0
5,20.0,0.0,20,20,5.0,0.0,5.0,5.0
6,20.0,0.0,20,20,6.0,0.0,6.0,6.0
7,20.0,0.0,20,20,7.0,0.0,7.0,7.0
8,19.9,0.316227766016838,19,20,8.0,0.0,8.0,8.0
9,23.0,2.160246899469287,20,26,7.815207835642617,0.8119232839905971,6.576923076923077,9.0
10,25.3,2.7100635498903793,21,29,7.9948473223705605,0.8688066084081091,7.035714285714286,9.523809523809524
11,28.8,2.2010098692292237,25,32,7.791236546633238,0.5968798544698986,7.03125,8.96
12,31.1,2.76686746259295,27,35,8.02604387372414,0.6231786826635298,7.285714285714286,8.892857142857142
13,33.8,2.936362072739365,29,37,8.233543199961442,0.6689188859492002,7.277777777777778,9.206896551724139
14,35.9,4.280446497997869,29,41,8.658472809808647,0.8864061754039645,7.6,10.206896551724139
15,37.7,4.643992535164827,29,43,8.811797032778736,0.6994534630804964,8.146341463414634,10.172413793103448
16,39.7,5.538752366533258,31,49,9.232388697332016,0.9141643296718901,7.877551020408164,10.848484848484848
17,41.8,5.996295152471698,34,51,9.475752719692528,1.0160664304212794,7.862745098039215,11.5
18,44.8,5.308274463305169,37,53,9.480466037293356,0.7324068420998884,8.346153846153847,10.625
19,46.7,5.7358521598799985,37,56,9.796527557423232,0.5577733749136792,8.81132075471698,10.511111111111111
20,48.7,5.774464862170728,39,61,9.90811436533107,0.5104343146441234,8.943396226415095,10.68
21,51.1,6.226288353960699,42,65,9.762157384385782,0.6840363166397634,8.88888888888889,11.061224489795919
22,53.8,7.524773898411981,44,73,9.830110790462058,0.9097735947360154,8.735849056603774,11.816326530612244
23,55.7,8.083591061183418,42,74,10.073761118661942,0.9637279184027104,8.542372881355933,11.634615384615385
24,57.8,7.598245411496876,47,73,10.183306431293882,1.12424135884074,8.533333333333333,11.962962962962964
25,58.2,8.586811592979862,45,74,10.440683712282212,1.0688305844285286,8.78688524590164,11.964912280701755
26,60.3,7.211872926716826,51,75,10.459263995525536,1.1326471516266725,8.96875,11.982758620689655
27,62.5,8.369919686326476,48,80,10.557814814923178,1.138256765416388,8.63076923076923,12.688524590163935
28,65.8,10.464755664185908,49,87,10.360515237915513,1.0335251686413807,8.567164179104477,11.959183673469388
29,66.8,10.507140429250956,52,90,10.383597139779896,0.9395120399782415,9.03076923076923,12.169230769230769
30,67.4,11.17735806589971,48,88,10.183778917819621,0.8927379308751744,8.507692307692308,11.5625
31,68.9,11.675710780171896,51,87,10.190782845944323,0.8116223523295766,8.890625,11.276923076923078
32,62.7,10.863291909504738,46,80,7.887672155099866,0.6638627974741257,7.195652173913044,8.783333333333333
33,64.7,11.175866856758807,47,81,8.09644199265071,0.6423592016861891,7.193548387096774,9.216666666666667
34,64.3,10.306955580254204,49,84,8.200168014082214,0.7448902654784675,7.032258064516129,9.5
35,65.2,10.549354903921325,50,81,8.52174932711714,0.9682573267500957,7.138461538461539,10.620689655172415
36,66.0,11.035296904831233,50,84,8.687677436843497,0.7093103109767002,7.731343283582089,10.051724137931034
37,68.3,11.155965021259053,51,88,8.748401835675754,0.4928712570944623,8.126760563380282,9.75
38,69.0,11.990737165736633,54,89,8.918322732753186,0.5156431296880326,7.857142857142857,9.5
39,70.2,13.019643278950124,52,94,9.104325950419202,0.6219384380865103,7.890243902439025,9.890625
40,71.9,13.747322971723948,55,97,8.908934648546676,0.7543950533587073,7.952941176470588,9.968253968253968
41,73.4,13.688600285557973,57,99,8.91092556764903,0.6040711160265246,7.955056179775281,9.865671641791044
42,73.8,15.922032254430059,54,101,8.933031580701552,0.8203928133492308,7.231578947368421,9.873015873015873
43,75.9,15.11033494738691,57,100,8.652348375720635,0.9846583864771085,6.747474747474747,10.075757575757576
44,75.6,15.435888917281916,55,106,8.620093709724513,0.7724247592226983,7.0,9.603174603174603
45,76.7,14.368561359981575,56,105,8.599158598231842,0.7189563550896778,7.288888888888889,9.771428571428572
46,76.5,14.40871649770066,59,108,8.590689349670138,0.6809878027858421,7.416666666666667,9.666666666666666
47,75.0,14.406788523316209,55,105,8.58669023850582,0.6954741914469277,7.602564102564102,9.472727272727273
48,72.9,16.26482229981147,49,103,8.648938985897008,0.7959441739476455,7.555555555555555,10.116504854368932
49,73.7,16.706951314414674,50,102,8.644115310392348,0.723859665401077,7.674157303370786,9.742424242424242
50,74.0,18.737959096740262,48,107,8.886309150851458,0.7250627779762612,7.861702127659575,10.276923076923078
51,73.6,18.087441929569685,52,101,8.894790140889507,0.7102801662272612,7.65,9.857142857142858
52,74.3,17.166181222909707,57,102,8.748475781709226,0.5085568254771405,8.098360655737705,9.55
53,75.1,18.326968592153417,56,106,8.572592826296418,0.4864397746565802,7.878787878787879,9.206896551724139
54,77.4,19.02162512043128,59,112,8.540704048050024,0.5042632045751818,7.880434782608695,9.452054794520548
55,79.2,19.589112622406695,59,117,8.333008980707024,0.5304794554713568,7.412698412698413,9.24
56,80.9,19.404753140518032,62,122,8.206198332259579,0.5889922677695608,7.386666666666667,8.90983606557377
57,80.9,18.847045155968377,62,121,8.215684000385767,0.7849064590807913,6.89247311827957,9.255813953488373
58,78.0,17.57523510195209,58,109,7.949077134028333,0.5989138663381027,6.91,8.55045871559633
59,75.9,19.795903055374303,56,114,7.95864715130904,0.6619768888569533,6.900990099009901,9.017857142857142
60,73.7,22.106057490601476,55,116,8.147453313540682,0.5721421400496676,7.204081632653061,8.945454545454545
61,73.6,22.741054407295092,54,114,8.110983761100758,0.5196086432307582,7.456310679611651,8.981481481481481
62,75.0,23.22355126446714,53,120,8.116477579222224,0.501171103853697,7.540983606557377,9.070588235294117
63,74.1,22.97559091248314,52,117,8.102930440359238,0.6008883222890131,7.0344827586206895,9.0
64,72.9,22.25333932494427,50,116,8.283246139667245,0.6335322879235407,7.052631578947368,9.0375
65,71.4,23.604142762565125,44,119,8.252878866604853,0.7345478241180506,7.379310344827586,9.573170731707316
66,72.3,23.874905468108373,45,115,8.101082552332288,0.7558664100675905,6.6,8.911111111111111
67,71.5,23.959456495412315,42,113,8.280817727107683,0.6690206145360532,7.288135593220339,9.523809523809524
68,71.4,26.26023609947176,43,117,8.313909448906708,0.5476013626110249,7.153846153846154,9.0
69,69.7,25.901737393464554,40,117,8.212283274721495,0.41778834572896245,7.514705882352941,8.925
70,69.4,27.039888231195697,40,122,8.076089432856808,0.6258327381811896,7.067796610169491,9.075
71,66.4,26.642489039544003,37,117,8.162663932591716,0.5954115016594563,6.962264150943396,8.864864864864865
72,66.0,26.15339366124404,42,121,8.144385297668952,0.6434275358786802,6.8076923076923075,8.924528301886792
73,67.0,25.746628689770024,43,124,8.021301398014225,0.6697714412215049,6.890909090909091,9.235294117647058
74,65.3,24.513261716874805,39,118,7.991047336592066,0.5024804652208935,7.351851851851852,8.686274509803921
75,65.5,25.730440251879788,36,121,8.078651609321243,0.7175580016582505,6.879310344827586,9.030927835051546
76,62.8,25.637645931108594,35,119,8.266256178578328,0.6796602195634351,7.056603773584905,9.395604395604396
77,60.8,21.534468494330973,37,106,8.135632996482295,0.6476262645068034,7.352941176470588,9.25
78,60.8,23.878395628219618,37,103,8.088472262803904,0.7285551930068733,7.083333333333333,9.275
79,59.2,23.073794659743335,35,96,8.028902310081707,0.7644360219098588,6.880952380952381,9.227272727272727
80,58.8,22.919181680175427,35,97,8.19646179078745,0.6691214146032503,7.195121951219512,9.17142857142857
81,58.5,22.421467887322237,35,94,8.087853900649536,0.6975944802632904,6.903225806451613,9.4
82,58.1,23.65234308336773,34,97,8.139122092516661,0.5006453685190185,7.355555555555555,8.911764705882353
83,59.1,25.881997175213847,35,102,7.972527856525926,0.4807062655215749,7.333333333333333,8.5875
84,59.3,25.20603984057084,32,104,8.02807840570171,0.46524878803688213,7.32,8.837209302325581
85,57.9,25.60577191875995,33,108,7.9802352703335035,0.6284086361929906,6.926829268292683,8.76923076923077
86,55.9,25.35722557554136,28,100,7.756159119904974,0.6749174434670242,6.357142857142857,8.676470588235293
87,55.3,24.55402207378661,31,97,8.016323973337366,0.7684302504080709,7.064516129032258,9.084745762711865
88,54.5,23.2820865807933,29,93,7.927235757178347,0.6186455583371857,7.363636363636363,8.94186046511628
89,53.3,23.475992465116832,28,90,7.983869839848117,0.5672367676137248,7.241379310344827,9.060240963855422
90,53.4,25.93239072837074,27,100,8.130534269720162,0.5089305393006973,7.592592592592593,9.074626865671641
91,51.5,25.025542507162115,25,101,8.047661516352653,0.6124320789314731,7.2682926829268295,9.43939393939394
92,50.5,25.808052145707464,22,103,7.903726745013839,0.666742395395276,7.090909090909091,9.373134328358208
93,50.1,25.787378480351368,18,101,7.708206622375231,0.6861791604214781,6.388888888888889,8.893939393939394
94,49.2,25.437505118754604,19,98,7.797616774201255,0.7658682713473994,6.5,9.096774193548388
95,47.6,23.604142762565125,21,92,7.921118597657518,0.5728230332730634,7.238095238095238,8.931034482758621
96,47.1,23.20656037512764,22,90,7.847380243654394,0.661648835778678,6.863636363636363,9.03448275862069
97,47.3,22.779376637651875,23,91,8.047424276306765,0.8318963859218411,6.826086956521739,9.161290322580646
98,46.0,23.213980461973534,22,89,7.898339638218408,1.1152660859517536,5.7272727272727275,9.385964912280702
99,46.0,23.026554718894058,22,84,7.8380718435009324,1.014836912032791,5.583333333333333,8.741379310344827
100,46.6,22.80448299007115,23,83,7.9890309273227444,0.8430950802662242,6.583333333333333,8.971428571428572
101,45.2,22.817147547890873,25,87,7.895935459751579,0.8098022277119384,6.52,9.1
102,44.4,21.818442759382357,25,87,7.955756106196745,0.8202711142888788,6.8,9.076923076923077
103,44.0,22.34576768279249,23,88,7.862724628666908,0.7426866509035603,6.782608695652174,9.12
104,43.0,21.525179054617254,20,82,7.801283686443417,0.6948439590726796,6.913043478260869,8.821428571428571
105,43.0,21.8936824982307,19,82,7.660967392898073,0.5976750650801631,6.878787878787879,8.75
106,42.3,22.657105826747696,16,85,7.833741319839864,0.3560517705983933,7.321428571428571,8.320754716981131
107,41.9,22.29324760749068,15,85,7.694302978650836,0.6781148430922054,6.825,8.58904109589041
108,41.1,22.888376477543748,14,88,7.863750361025714,0.5633639251062321,7.023809523809524,8.666666666666666
109,40.6,22.564475521393256,14,83,8.003253859207936,0.5035824291336642,7.023255813953488,8.478260869565217
110,40.4,22.12690669750293,14,84,7.733845729781274,0.5933799081245935,6.6,8.444444444444445
111,39.5,20.988091861815356,13,83,7.802207897651277,0.39662814699243953,7.266666666666667,8.538461538461538
112,38.6,21.287450658910654,11,82,7.785425828124,0.5067230885018308,6.857142857142857,8.909090909090908
113,37.7,21.939563451546714,11,84,8.259640052809003,0.7344778961122227,7.238095238095238,9.909090909090908
114,35.9,19.341664871463365,13,78,8.145630390742133,0.5900601276016051,7.076923076923077,9.23076923076923
115,34.2,18.407727845783803,9,71,8.031814780812946,0.7453412191748859,6.782608695652174,8.948717948717949
116,33.5,18.650290435629504,10,71,8.222798704321992,0.5104735509185573,7.25,8.85
117,33.2,19.452506265260524,10,74,7.585498703754622,0.732237080185013,6.588235294117647,8.925925925925926
118,32.7,19.720547659738052,10,71,7.697531513696964,1.031286610582793,5.5,9.32
119,33.8,20.241870796280995,11,72,7.740272026260871,0.9183568084837497,5.909090909090909,9.208333333333334
120,33.9,21.23649897908996,10,72,7.901761960912838,0.978102505709162,5.9,9.409090909090908
121,32.9,20.19048180592914,9,70,8.196534250206241,0.9156922683097307,7.176470588235294,9.88
122,30.4,19.126479608705367,7,62,8.04446369373964,1.0873885371310181,6.125,9.5
123,29.9,18.429746486470062,7,56,8.253553809852155,1.0253700809920734,6.428571428571429,9.9
124,30.1,18.369358544416656,7,58,8.253669733087559,1.4516592082122781,5.9375,10.642857142857142
125,29.9,17.521098392763193,7,59,8.364400771453806,1.6181220593367154,6.166666666666667,11.461538461538462
126,29.1,17.540112757777685,6,59,8.186603180515814,1.0544682655936362,6.526315789473684,9.833333333333334
127,30.2,19.22267179949528,7,62,8.081831042481646,0.9761683337375029,6.894736842105263,9.6
128,28.6,18.99239613927403,5,61,8.587657807778447,1.3734425581695044,6.913043478260869,10.88888888888889
129,26.2,17.64338088034402,3,57,8.194837684934885,0.89737863663485,7.0701754385964914,9.333333333333334
130,27.3,18.60734621952667,3,59,8.136645937452728,1.1416546802454375,6.583333333333333,10.0
131,26.8,17.599242407937147,3,53,8.360734055689466,1.3333327998433604,7.150943396226415,11.0
132,25.5,16.95910112922,3,50,8.391137689074151,1.6412970135122793,5.555555555555555,12.0
133,24.2,17.34486795696192,2,51,8.335208128883725,1.446769450854309,5.9,11.0
134,23.7,16.686987611775695,1,49,8.161485738172669,1.1745655131269175,6.2727272727272725,10.571428571428571
135,23.7,16.227890942585375,1,50,8.34067032967033,1.257351392458818,6.153846153846154,10.8
136,23.2,16.335374022177895,1,52,8.717134888704761,1.4674614372301262,6.642857142857143,11.76923076923077
137,22.9,17.038844509596952,1,52,8.248969130904444,1.5795500450324733,5.3,10.363636363636363
138,22.4,16.807405775100715,0,52,7.284906100558274,2.931857563739816,0.0,10.222222222222221
139,22.5,17.411681902293836,0,57,7.213338613338614,2.7192920757764045,0.0,10.1
140,21.6,17.808861714201598,0,58,7.080528119031823,2.7501400543446892,0.0,10.5
141,21.2,17.41519132507274,0,57,7.120284846732216,2.7887385036234122,0.0,9.714285714285714
142,19.7,16.090369790654282,0,51,7.243153649419634,2.739729718761883,0.0,9.333333333333334
143,20.0,16.89181261242657,0,55,7.268531927645201,2.861561053675011,0.0,10.0
144,19.2,16.63196387148019,0,52,7.514755888394727,3.0755307965617087,0.0,11.0
145,19.6,17.160678567262103,0,50,7.324116693248273,2.871098151368992,0.0,10.052631578947368
146,18.9,16.629625505237467,0,48,7.481323130521339,2.817749978451555,0.0,9.947368421052632
147,19.1,17.14934401077779,0,51,7.483592135310277,2.75119979365816,0.0,10.052631578947368
148,18.9,18.988007911427793,0,54,7.408405242100895,2.69110337354821,0.0,9.307692307692308
149,18.2,18.09726805656343,0,51,7.807326888797476,2.8860542040222175,0.0,10.0
150,17.5,17.921123476687132,0,51,8.09375128998968,3.163463752753654,0.0,12.0
151,16.9,17.064908763632786,0,48,7.7033102481380755,3.47233622408064,0.0,13.0
152,16.7,17.1273011430419,0,52,8.246996336996336,4.186439209313012,0.0,16.5
153,15.4,16.399186971717022,0,45,8.585691881218198,5.39857910094683,0.0,21.0
154,15.6,16.767693805516476,0,46,7.756025480367586,3.4979677440527457,0.0,13.625
155,14.2,15.497670075781643,0,43,8.305702536261244,3.767926222240006,0.0,14.571428571428571
156,13.3,14.712428608341844,0,43,6.815095514950167,3.3201971302019384,0.0,11.333333333333334
157,13.5,15.247950681976906,0,43,6.890299954048244,3.156290471474565,0.0,11.0
158,12.8,14.68786347067991,0,40,6.23781746031746,2.682473218354168,0.0,9.6
159,13.3,16.131749233524967,0,43,6.469606866002215,2.726321844139099,0.0,9.0
160,12.7,14.892578315687613,0,39,6.849966261808367,2.9777613753681456,0.0,10.0
161,13.2,16.164432835360753,0,44,7.3868281718281725,3.243438096667087,0.0,11.0
162,13.1,16.656330128012392,0,47,7.320282410069643,3.506855774792951,0.0,12.0
163,12.9,17.37463029183003,0,51,7.865865153078775,3.581914293451741,0.0,13.0
164,12.4,15.854897595941067,0,47,7.377068135764944,3.565865428761817,0.0,14.0
165,12.1,15.573838462127583,0,47,8.049285824413023,4.245943892240335,0.0,17.0
166,12.3,15.542415084750074,0,47,8.499723204161942,4.568748035436174,0.0,18.0
167,11.7,14.659467930317254,0,44,8.668470418470418,4.815679919292107,0.0,19.0
168,11.9,16.079317287883974,0,49,8.330419501133786,5.12624047348163,0.0,20.0
169,11.2,15.13494851879803,0,46,8.616407867494825,5.526432699315935,0.0,21.0
170,10.9,14.60935773171885,0,45,8.666344896933131,5.55598415575108,0.0,22.0
171,10.2,13.398175663541327,0,40,6.410298965740142,3.616141360786986,0.0,10.5
172,9.9,13.118688958886096,0,41,6.774095675739366,3.916526137853797,0.0,11.5
173,9.4,12.249263016379574,0,37,6.8430625812978745,4.103321922700766,0.0,12.5
174,9.7,12.481541927537995,0,37,6.406343843843844,4.0089471225582916,0.0,12.0
175,8.8,11.717034133640173,0,36,6.251444788441693,4.325709827706042,0.0,13.0
176,8.4,10.77239269820983,0,32,6.461547619047619,4.33852662814221,0.0,14.0
177,9.1,11.873874215642042,0,35,6.521528822055137,4.457381104557573,0.0,15.0
178,9.4,13.065646218657196,0,40,7.221929824561404,6.198839801934846,0.0,22.0
179,9.1,11.618471882691326,0,35,7.134246031746033,6.3333273772200185,0.0,23.0
180,8.3,10.011659869039367,0,29,7.620431034482759,6.650848182855615,0.0,24.0
181,8.6,10.40512694140089,0,31,6.991209677419354,4.146792638312882,0.0,12.5
182,8.3,11.045863982102581,0,34,7.353137254901961,4.43635706419414,0.0,13.5
183,7.8,10.538817137927134,0,31,7.868611638203669,4.850584554041839,0.0,14.5
184,7.2,9.484490263348661,0,28,7.730686274509805,4.989435934117588,0.0,15.5
185,7.4,10.024414640710393,0,30,7.3623529411764705,4.96590088080177,0.0,16.5
186,7.5,10.855106325289187,0,33,7.295374800637958,5.25126203312892,0.0,17.5
187,6.9,10.1920448280891,0,30,5.599250398724083,3.6021857155751817,0.0,11.0
188,6.4,8.591985930052623,0,23,5.944717772692601,3.800629448303059,0.0,12.0
189,6.7,8.920014947670584,0,22,6.411147186147185,4.065996061745009,0.0,13.0
190,7.3,9.522488003551267,0,25,6.298531468531468,4.335080135216067,0.0,14.0
191,8.0,10.697871023920808,0,28,6.256037632444282,4.9267725858052165,0.0,15.0
192,7.7,10.274564062122863,0,25,6.6915490196078435,5.192482796253511,0.0,16.0
193,7.5,10.21164912136026,0,26,5.756561085972851,5.288686199834652,0.0,17.0
194,7.7,10.414199707877488,0,27,5.862750049514756,5.515438380693286,0.0,18.0
195,7.6,10.243697249203207,0,27,6.285454545454545,5.835999346076056,0.0,19.0
196,7.5,10.330644811541157,0,28,4.746190476190476,4.384054026265577,0.0,12.0
197,7.0,9.695359714832659,0,27,4.919873294346979,4.5996952263461335,0.0,13.0
198,7.0,9.7182531580755,0,28,5.0337280366692125,4.817406063892113,0.0,14.0
199,6.4,8.82169044017201,0,24,4.286862745098039,5.156211681359293,0.0,15.0
200,6.1,8.887569346502389,0,25,2.8738838383838385,3.8056969081213015,0.0,8.48
201,6.0,8.692269873603532,0,24,3.114583333333333,4.098249047413984,0.0,9.25
202,6.2,8.495750571772795,0,22,3.1163636363636362,4.165769037073194,0.0,9.363636363636363
203,5.8,7.871185143010901,0,20,3.0857692307692304,4.0826157844763555,0.0,9.6
204,5.5,7.261006970263988,0,16,3.3131547619047623,4.350826753683795,0.0,9.933333333333334
205,5.7,7.746683878351505,0,17,3.2911764705882356,4.376925621154423,0.0,10.25
206,6.4,8.896940797575061,0,21,2.9277412280701753,3.82201110107802,0.0,8.3125
207,6.0,8.393118874676114,0,20,3.0709919028340082,4.0076701018522005,0.0,9.0
208,5.8,8.297255235585105,0,20,3.14968253968254,4.103246210217127,0.0,8.833333333333334
209,5.9,8.102811583367563,0,19,2.9760964912280703,3.849047670313949,0.0,8.0
210,5.6,7.604092465391398,0,17,3.217671568627451,4.164061344981829,0.0,8.5625
211,5.8,7.8993670632526,0,17,3.225735294117647,4.204219542524568,0.0,9.375
212,5.4,7.426678635537931,0,17,3.3988235294117644,4.440097470488572,0.0,10.0
213,5.6,7.545418035691153,0,19,3.204904569115095,4.143033599447767,0.0,8.357142857142858
214,4.8,6.679986693266853,0,18,3.093055555555556,4.02795896782751,0.0,8.333333333333334
215,4.8,6.828046735503663,0,18,3.1119047619047615,4.069286078814323,0.0,9.0
216,4.9,6.903300337922113,0,18,3.1484126984126983,4.088687544337789,0.0,9.0
217,4.7,6.583649781424012,0,16,3.1845436507936506,4.1316855157792025,0.0,8.555555555555555
218,4.9,6.640783086353597,0,16,3.1086038961038964,4.016198802897365,0.0,8.125
219,5.0,6.99205898780101,0,18,3.0588023088023086,4.041779456936467,0.0,8.818181818181818
220,5.3,7.379400758568107,0,17,3.0747899159663867,4.011232747189272,0.0,9.0
221,5.0,6.99205898780101,0,18,3.21991341991342,4.227775826793671,0.0,9.818181818181818
222,4.7,6.733828364641057,0,18,3.337777777777778,4.375082832843131,0.0,10.1
223,4.5,6.587024281789835,0,18,3.5208333333333335,4.568378379525772,0.0,9.875
224,4.5,6.637435917246625,0,18,3.496666666666667,4.536285803263381,0.0,9.5
225,4.1,6.5226102477799826,0,18,3.592124542124542,4.685707010003659,0.0,10.5
226,3.6,5.621387729022079,0,15,3.5900000000000007,4.679296401684212,0.0,9.833333333333334
227,3.9,6.063552314169201,0,16,3.622619047619048,4.750754306181514,0.0,10.333333333333334
228,3.9,5.97122730730924,0,16,3.647916666666667,4.815725129846446,0.0,11.333333333333334
229,3.9,5.915140648276158,0,15,3.7340384615384616,4.95825835951619,0.0,12.333333333333334
230,3.2,4.9396356140913875,0,13,3.630659340659341,4.785435086038224,0.0,11.5
231,3.0,4.570436400267363,0,12,3.6797619047619046,4.982017454946417,0.0,12.5
232,2.9,4.677368680976279,0,12,3.763333333333333,5.313236441330414,0.0,14.0
233,2.8,4.516635916254486,0,12,3.6833333333333336,5.318526900849683,0.0,15.0
234,2.5,4.006938426723769,0,10,3.793333333333334,5.536719178291352,0.0,16.0
235,2.4,4.060651288757616,0,10,2.1444444444444444,3.4935213407140786,0.0,8.444444444444445
236,2.4,4.060651288757616,0,10,2.444444444444444,3.9716277721475644,0.0,9.444444444444445
237,2.2,3.675746333890726,0,9,2.3580555555555556,3.8343719406197865,0.0,8.625
238,2.4,4.060651288757616,0,10,2.0155555555555553,3.266356750226939,0.0,7.555555555555555
239,2.3,3.973523485382827,0,11,2.182077922077922,3.533583655691753,0.0,7.857142857142857
240,2.3,3.945461527713414,0,11,2.2363636363636363,3.604505507426228,0.0,7.833333333333333
241,2.5,4.301162633521313,0,12,2.3404761904761906,3.7715376300302488,0.0,8.166666666666666
242,2.4,4.427188724235731,0,13,2.187912087912088,3.565058468576239,0.0,8.571428571428571
243,2.5,4.552166761249221,0,13,2.3682692307692306,3.821808768543189,0.0,8.375
244,2.3,3.973523485382827,0,11,2.24987012987013,3.650668585484508,0.0,8.571428571428571
245,1.9,3.212821536005731,0,8,2.094642857142857,3.534592274273155,0.0,9.571428571428571
246,1.9,3.212821536005731,0,8,2.394642857142857,3.9981257123830085,0.0,10.571428571428571
247,2.0,3.2998316455372216,0,8,2.3682142857142856,3.910946195196676,0.0,9.857142857142858
248,2.1,3.4785054261852175,0,8,2.5324999999999998,4.114271401678147,0.0,9.5
249,2.1,3.6040101122068027,0,9,2.4125,3.939670918293106,0.0,9.625
250,2.5,4.27525177946022,0,11,2.252727272727273,3.639336663440504,0.0,8.0
251,2.4,4.115013163202924,0,11,2.4470454545454543,3.9603478344908174,0.0,9.125
252,2.9,5.566766466171263,0,17,2.30436974789916,3.8130182070192626,0.0,8.8
253,2.9,6.297265720577109,0,20,2.0100000000000002,3.4801660241367163,0.0,9.8
254,2.9,6.573515886579352,0,21,1.992857142857143,3.3229771095733267,0.0,8.75
255,2.5,5.359311730271176,0,17,2.0911764705882354,3.5956528924777196,0.0,9.75
256,2.5,5.359311730271176,0,17,2.3911764705882357,4.051542204270778,0.0,10.75
257,2.5,5.359311730271176,0,17,2.6911764705882355,4.513084910508321,0.0,11.75
258,2.5,5.38000413052299,0,17,2.754509803921569,4.618947987095884,0.0,12.333333333333334
259,3.1,6.773313648265359,0,21,2.280952380952381,3.870718808793763,0.0,10.5
260,3.1,6.773313648265359,0,21,2.580952380952381,4.331737016282416,0.0,11.5
261,3.3,6.566751268490548,0,20,1.9711111111111108,3.266933095710999,0.0,8.35
262,3.5,7.074995092263708,0,22,1.9425000000000001,3.239042425367925,0.0,8.5
263,3.7,7.394442357458592,0,23,1.9922101449275362,3.266695463305769,0.0,8.130434782608695
264,3.4,7.290785661062568,0,23,1.7380434782608696,3.23555573100956,0.0,9.130434782608695
265,3.1,6.402256546631733,0,20,1.7399999999999998,2.989035518914644,0.0,7.15
266,3.0,6.110100926607787,0,19,2.014473684210526,3.3962123929513477,0.0,8.0
267,3.1,6.190494505467412,0,19,2.201973684210526,3.6546406941608414,0.0,8.894736842105264
268,2.8,5.3499740393970345,0,16,2.46875,4.059587631288566,0.0,9.5625
269,3.1,6.190494505467412,0,19,2.6019736842105265,4.235980772659434,0.0,9.875
270,3.0,5.9066817155564495,0,18,2.6333333333333337,4.261911412604547,0.0,9.833333333333334
271,3.1,5.704773829385741,0,17,2.5357843137254905,4.191462838513972,0.0,9.941176470588236
272,2.7,5.012207320355197,0,15,2.5114285714285716,4.126534896185068,0.0,9.714285714285714
273,2.9,5.173651192984184,0,15,2.5541666666666667,4.225330087916428,0.0,10.0
274,3.1,6.136412270663988,0,19,2.468421052631579,4.089070629734641,0.0,10.0
275,2.6,5.168279318217149,0,16,2.3666666666666663,3.9665266081716046,0.0,10.166666666666666
276,2.5,4.881939505292269,0,15,2.27,3.6825397167487686,0.0,8.333333333333334
277,2.4,4.812021982031624,0,15,2.3033333333333332,3.711059547213297,0.0,8.0
278,1.9,3.8427420765212266,0,12,2.4083333333333337,3.904423338335415,0.0,8.666666666666666
279,1.9,3.8427420765212266,0,12,2.575,4.225957777333142,0.0,9.666666666666666
280,1.7,3.529242915351047,0,11,2.3454545454545452,3.9589375354443326,0.0,10.5
281,1.5,3.2403703492039297,0,10,2.46,4.247142830447573,0.0,11.5
282,1.3,3.1287200080686173,0,10,2.5100000000000002,4.160782511873351,0.0,10.0
283,1.1,2.601281735350223,0,8,1.6583333333333332,3.5251411844591947,0.0,9.25
284,1.0,2.5385910352879697,0,8,1.725,3.71642375887836,0.0,10.25
285,0.8,2.2010098692292237,0,7,1.1142857142857143,2.89012706764256,0.0,9.142857142857142
286,0.9,2.5144029554194813,0,8,1.1875,2.8609256951786315,0.0,8.875
287,0.9,2.5144029554194813,0,8,1.3875,3.236322716019251,0.0,9.875
288,0.8,2.2010098692292237,0,7,1.342857142857143,2.9440743360426764,0.0,8.428571428571429
289,0.7,1.8885620632287061,0,6,1.45,3.113144176980351,0.0,8.5
290,0.6,1.5776212754932308,0,5,1.58,3.3578432231286666,0.0,8.8
291,0.5,1.2692955176439848,0,4,1.675,3.535632113843923,0.0,8.75
292,0.7,1.4944341180973264,0,4,1.275,3.1234996398270964,0.0,9.75
293,0.8,1.751190071541826,0,5,1.26,2.869068761036506,0.0,8.6
294,0.6,1.3498971154211057,0,4,0.85,2.082333093218064,0.0,6.5
295,0.5,1.0801234497346435,0,3,1.0,2.309401076758503,0.0,7.0
296,0.6,1.3498971154211057,0,4,1.0,2.160246899469287,0.0,6.0
297,0.6,1.3498971154211057,0,4,1.2,2.573367875415838,0.0,7.0
298,0.8,1.9321835661585915,0,6,1.1333333333333333,2.394437999475729,0.0,6.0
299,0.8,1.9321835661585915,0,6,1.3333333333333333,2.815302102071095,0.0,7.0
300,0.9,2.2335820757001272,0,7,1.4285714285714284,3.0386773587702507,0.0,8.0
301,1.1,2.4244128727957572,0,7,1.1785714285714284,2.569940045358003,0.0,7.285714285714286
302,1.1,2.4244128727957572,0,7,1.3785714285714286,2.9795314580904444,0.0,8.285714285714286
303,0.8,1.9321835661585915,0,6,1.1166666666666667,2.897476552169209,0.0,9.166666666666666
304,0.8,1.9321835661585915,0,6,1.3166666666666667,3.249358911128983,0.0,10.166666666666666
305,0.7,1.636391694484477,0,5,1.3,2.9832867780352594,0.0,9.0
306,0.8,1.9321835661585915,0,6,1.3333333333333335,2.9186501192363767,0.0,8.333333333333334
307,0.7,1.636391694484477,0,5,1.34,2.844175334492115,0.0,7.4
308,0.7,1.636391694484477,0,5,1.34,2.8285056910751387,0.0,7.0
309,0.6,1.3498971154211057,0,4,1.5,3.1710495984067415,0.0,8.0
310,0.9,1.911950719959998,0,5,1.09,2.341153561815201,0.0,6.4
311,1.1,2.4244128727957572,0,7,1.0785714285714285,2.2743891058894614,0.0,5.5
312,0.9,2.2335820757001272,0,7,0.8285714285714285,2.0178343164883943,0.0,6.285714285714286
313,0.8,1.9321835661585915,0,6,1.0333333333333332,2.406010991015812,0.0,7.333333333333333
314,0.9,2.2335820757001272,0,7,1.1142857142857143,2.4631524884598393,0.0,7.142857142857143
315,0.9,2.2335820757001272,0,7,1.3142857142857143,2.868074326117797,0.0,8.142857142857142
316,0.8,1.9321835661585915,0,6,1.3333333333333333,2.8284271247461903,0.0,7.333333333333333
317,0.7,1.636391694484477,0,5,1.56,3.310320561852314,0.0,8.6
318,0.6,1.3498971154211057,0,4,1.75,3.7062259929895145,0.0,9.5
319,0.5,1.0801234497346435,0,3,1.6,3.4058772731852804,0.0,9.0
320,0.3,0.6749485577105528,0,2,1.75,3.736085295243316,0.0,10.0
321,0.3,0.6749485577105528,0,2,1.95,4.152977512848127,0.0,11.0
322,0.3,0.6749485577105528,0,2,2.15,4.5707402755644155,0.0,12.0
323,0.4,1.2649110640673518,0,4,0.525,1.660195771588399,0.0,5.25
324,0.4,1.2649110640673518,0,4,0.625,1.976423537605237,0.0,6.25
325,0.4,1.2649110640673518,0,4,0.725,2.292651303622075,0.0,7.25
326,0.4,1.2649110640673518,0,4,0.825,2.608879069638913,0.0,8.25
327,0.5,1.5811388300841895,0,5,0.74,2.3400854685246006,0.0,7.4
328,0.5,1.5811388300841895,0,5,0.8400000000000001,2.6563132345414386,0.0,8.4
329,0.5,1.5811388300841895,0,5,0.64,2.0238577025077626,0.0,6.4
330,0.6,1.8973665961010275,0,6,0.6166666666666667,1.9500712237705007,0.0,6.166666666666667
331,0.5,1.5811388300841895,0,5,0.45999999999999996,1.4546477236774542,0.0,4.6
332,0.5,1.5811388300841895,0,5,0.5599999999999999,1.7708754896942924,0.0,5.6
333,0.5,1.5811388300841895,0,5,0.6599999999999999,2.08710325571113,0.0,6.6
334,0.6,1.8973665961010275,0,6,0.6333333333333333,2.0027758514399734,0.0,6.333333333333333
335,0.6,1.8973665961010275,0,6,0.7333333333333333,2.3190036174568114,0.0,7.333333333333333
336,0.5,1.5811388300841895,0,5,0.74,2.3400854685246006,0.0,7.4
337,0.6,1.8973665961010275,0,6,0.7,2.2135943621178655,0.0,7.0
338,0.6,1.8973665961010275,0,6,0.8,2.5298221281347035,0.0,8.0
339,0.6,1.8973665961010275,0,6,0.9,2.8460498941515415,0.0,9.0
340,0.5,1.5811388300841895,0,5,0.9800000000000001,3.099032106965012,0.0,9.8
341,0.4,1.2649110640673518,0,4,0.9,2.8460498941515415,0.0,9.0
342,0.3,0.9486832980505138,0,3,0.9333333333333333,2.951459149490488,0.0,9.333333333333334
343,0.3,0.9486832980505138,0,3,1.0333333333333334,3.267686915507326,0.0,10.333333333333334
344,0.3,0.9486832980505138,0,3,1.1333333333333333,3.5839146815241634,0.0,11.333333333333334
345,0.2,0.6324555320336759,0,2,0.95,3.0041637771599605,0.0,9.5
346,0.2,0.6324555320336759,0,2,1.05,3.320391543176798,0.0,10.5
347,0.2,0.6324555320336759,0,2,1.15,3.636619309193636,0.0,11.5
348,0.2,0.6324555320336759,0,2,1.25,3.952847075210474,0.0,12.5
349,0.2,0.6324555320336759,0,2,1.35,4.2690748412273125,0.0,13.5
350,0.2,0.6324555320336759,0,2,1.45,4.58530260724415,0.0,14.5
351,0.3,0.9486832980505138,0,3,1.0333333333333334,3.267686915507326,0.0,10.333333333333334
352,0.2,0.6324555320336759,0,2,0.8,2.5298221281347035,0.0,8.0
353,0.2,0.6324555320336759,0,2,0.9,2.8460498941515415,0.0,9.0
354,0.2,0.6324555320336759,0,2,1.0,3.162277660168379,0.0,10.0
355,0.3,0.9486832980505138,0,3,0.7333333333333333,2.3190036174568114,0.0,7.333333333333333
356,0.4,1.2649110640673518,0,4,0.625,1.976423537605237,0.0,6.25
357,0.4,1.2649110640673518,0,4,0.725,2.292651303622075,0.0,7.25
358,0.4,1.2649110640673518,0,4,0.825,2.608879069638913,0.0,8.25
359,0.4,1.2649110640673518,0,4,0.925,2.925106835655751,0.0,9.25
360,0.5,1.5811388300841895,0,5,0.64,2.0238577025077626,0.0,6.4
361,0.4,1.2649110640673518,0,4,0.325,1.0277402395547233,0.0,3.25
362,0.3,0.9486832980505138,0,3,0.33333333333333337,1.0540925533894598,0.0,3.3333333333333335
363,0.2,0.6324555320336759,0,2,0.5,1.5811388300841895,0.0,5.0
364,0.2,0.6324555320336759,0,2,0.6,1.8973665961010275,0.0,6.0
365,0.2,0.6324555320336759,0,2,0.7,2.2135943621178655,0.0,7.0
366,0.1,0.31622776601683794,0,1,0.6,1.8973665961010275,0.0,6.0
367,0.1,0.31622776601683794,0,1,0.7,2.2135943621178655,0.0,7.0
368,0.1,0.31622776601683794,0,1,0.8,2.5298221281347035,0.0,8.0
369,0.1,0.31622776601683794,0,1,0.9,2.8460498941515415,0.0,9.0
370,0.1,0.31622776601683794,0,1,1.0,3.162277660168379,0.0,10.0
371,0.1,0.31622776601683794,0,1,1.1,3.4785054261852175,0.0,11.0
372,0.3,0.9486832980505138,0,3,0.4,1.2649110640673518,0.0,4.0
373,0.4,1.2649110640673518,0,4,0.375,1.1858541225631423,0.0,3.75
374,0.4,1.2649110640673518,0,4,0.475,1.5020818885799803,0.0,4.75
375,0.4,1.2649110640673518,0,4,0.575,1.818309654596818,0.0,5.75
376,0.3,0.9486832980505138,0,3,0.36666666666666664,1.1595018087284057,0.0,3.6666666666666665
377,0.3,0.9486832980505138,0,3,0.4666666666666667,1.475729574745244,0.0,4.666666666666667
378,0.3,0.9486832980505138,0,3,0.5666666666666667,1.7919573407620817,0.0,5.666666666666667
379,0.3,0.9486832980505138,0,3,0.6666666666666667,2.1081851067789197,0.0,6.666666666666667
380,0.3,0.9486832980505138,0,3,0.7666666666666667,2.4244128727957577,0.0,7.666666666666667
381,0.5,1.5811388300841895,0,5,0.52,1.644384383287557,0.0,5.2
382,0.4,1.2649110640673518,0,4,0.525,1.660195771588399,0.0,5.25
383,0.6,1.8973665961010275,0,6,0.4166666666666667,1.317615691736825,0.0,4.166666666666667
384,0.5,1.5811388300841895,0,5,0.38,1.201665510863984,0.0,3.8
385,0.4,1.2649110640673518,0,4,0.5,1.5811388300841895,0.0,5.0
386,0.4,1.2649110640673518,0,4,0.6,1.8973665961010275,0.0,6.0
387,0.5,1.5811388300841895,0,5,0.5599999999999999,1.7708754896942924,0.0,5.6
388,0.5,1.5811388300841895,0,5,0.6599999999999999,2.08710325571113,0.0,6.6
389,0.4,1.2649110640673518,0,4,0.55,1.7392527130926088,0.0,5.5
390,0.2,0.6324555320336759,0,2,0.5,1.5811388300841895,0.0,5.0
391,0.2,0.6324555320336759,0,2,0.6,1.8973665961010275,0.0,6.0
392,0.2,0.6324555320336759,0,2,0.7,2.2135943621178655,0.0,7.0
393,0.2,0.6324555320336759,0,2,0.8,2.5298221281347035,0.0,8.0
394,0.3,0.9486832980505138,0,3,0.6,1.8973665961010275,0.0,6.0
395,0.2,0.6324555320336759,0,2,0.45,1.4230249470757708,0.0,4.5
396,0.4,1.2649110640673518,0,4,0.275,0.8696263565463044,0.0,2.75
397,0.4,1.2649110640673518,0,4,0.375,1.1858541225631423,0.0,3.75
398,0.4,1.2649110640673518,0,4,0.475,1.5020818885799803,0.0,4.75
399,0.4,1.2649110640673518,0,4,0.575,1.818309654596818,0.0,5.75
400,0.4,1.2649110640673518,0,4,0.675,2.1345374206136563,0.0,6.75
